titulo,artista,edicion,genero,idioma,dificultad,coaches,archivo,edicion_codigo,map_name
Angeleyes,ABBA,ABBA: You Can Dance,Disco / Funk,Inglés,2,1,abbaangeleyes_pc.ipk,4884,ABBAAngelEyes
As Good as New,ABBA,ABBA: You Can Dance,Disco / Funk,Inglés,2,1,abbaasgoodasnew_pc.ipk,4884,ABBAAsGoodAsNew
Dancing Queen,ABBA,ABBA: You Can Dance,Disco / Funk,Inglés,2,1,abbadancingqueenprom_pc.ipk,4884,ABBADancingQueenPROM
Dancing Queen,ABBA,ABBA: You Can Dance,Disco / Funk,Inglés,2,1,abbadancingqueen_pc.ipk,4884,ABBADancingQueen
Fernando,ABBA,ABBA: You Can Dance,Disco / Funk,Inglés,1,2,abbafernando_pc.ipk,4884,ABBAFernando
Gimme! Gimme! Gimme! (A Man After Midnight),ABBA,ABBA: You Can Dance,Disco / Funk,Inglés,1,1,abbagimmegimme_pc.ipk,4884,ABBAGimmeGimme
"Honey, Honey",ABBA,ABBA: You Can Dance,Disco / Funk,Inglés,1,4,abbahoneyhoney_pc.ipk,4884,ABBAHoneyHoney
"Knowing Me, Knowing You",ABBA,ABBA: You Can Dance,Disco / Funk,Inglés,2,4,abbaknowingme_pc.ipk,4884,ABBAKnowingMe
Lay All Your Love On Me,ABBA,ABBA: You Can Dance,Disco / Funk,Inglés,1,1,abbalayallyourlove_pc.ipk,4884,ABBALayAllYourLove
Mamma Mia,ABBA,ABBA: You Can Dance,Disco / Funk,Inglés,2,4,abbamammamia_pc.ipk,4884,ABBAMammaMia
"Money, Money, Money",ABBA,ABBA: You Can Dance,Disco / Funk,Inglés,2,1,abbamoneymoney_pc.ipk,4884,ABBAMoneyMoney
SOS,ABBA,ABBA: You Can Dance,Disco / Funk,Inglés,2,2,abbasos_pc.ipk,4884,ABBASOS
Summer Night City,ABBA,ABBA: You Can Dance,Disco / Funk,Inglés,2,1,abbasummernight_pc.ipk,4884,ABBASummerNight
Super Trouper,ABBA,ABBA: You Can Dance,Disco / Funk,Inglés,1,1,abbasupertrooper_pc.ipk,4884,ABBASuperTrooper
Take A Chance On Me,ABBA,ABBA: You Can Dance,Disco / Funk,Inglés,2,2,abbatakeachance_pc.ipk,4884,ABBATakeAChance
The Winner Takes It All,ABBA,ABBA: You Can Dance,Disco / Funk,Inglés,3,1,abbathewinner_pc.ipk,4884,ABBATheWinner
Voulez-Vous,ABBA,ABBA: You Can Dance,Disco / Funk,Inglés,2,1,abbavoulezvous_pc.ipk,4884,ABBAVoulezVous
Waterloo,ABBA,ABBA: You Can Dance,Disco / Funk,Inglés,1,4,abbawaterloo_pc.ipk,4884,ABBAWaterloo
When I Kissed the Teacher,ABBA,ABBA: You Can Dance,Disco / Funk,Inglés,2,1,abbawhenikissed_pc.ipk,4884,ABBAWhenIKissed
A Little Less Conversation (JXL Radio Edit Remix),Elvis Presley vs. JXL,Just Dance,Dance / Electrónica,Inglés,1,1,conversation_pc.ipk,1,Conversation
Acceptable In The 80s,Calvin Harris,Just Dance,Infantil,Inglés,1,1,acceptable_pc.ipk,1,Acceptable
Bebe,Divine Brown,Just Dance,Pop / Dance-Pop,Inglés,2,1,bebe_pc.ipk,1,Bebe
Can't Get You Out of My Head,Kylie Minogue,Just Dance,Pop / Dance-Pop,Inglés,1,1,cantgetyou_pc.ipk,1,CantGetYou
Cotton Eye Joe,Rednex,Just Dance,Country / Folk,Inglés,2,1,cotton_pc.ipk,1,Cotton
DARE,Gorillaz,Just Dance,Hip-Hop / Rap,Inglés,2,1,dare_pc.ipk,1,Dare
Eye of the Tiger,Survivor,Just Dance,Rock / Pop Rock,Inglés,1,1,eyeofthetiger_pc.ipk,1,EyeOfTheTiger
Fame,The Girly Team,Just Dance,Banda Sonora / Musical,Inglés,1,1,fame_pc.ipk,1,Fame
Funplex (CSS Remix),The B-52's,Just Dance,Dance / Electrónica,Inglés,2,1,funplex_pc.ipk,1,Funplex
Girls & Boys,Blur,Just Dance,Rock / Pop Rock,Inglés,2,1,gandb_pc.ipk,1,GAndB
Girls Just Want To Have Fun,Cyndi Lauper,Just Dance,Pop / Dance-Pop,Inglés,1,1,girlsjustwant_pc.ipk,1,GirlsJustWant
Heart Of Glass,Blondie,Just Dance,Rock / Pop Rock,Inglés,1,1,heartofglass_pc.ipk,1,HeartOfGlass
Hot N Cold (Chick Version),Katy Perry,Just Dance,Disco / Funk,Inglés,1,1,hotncold_pc.ipk,1,HotNCold
I Get Around,The Beach Boys,Just Dance,Pop / Dance-Pop,Inglés,1,1,getaround_pc.ipk,1,GetAround
I Like to Move It (Radio Mix),Reel 2 Real feat. The Mad Stuntman,Just Dance,Pop / Dance-Pop,Inglés,1,1,iliketomoveit_pc.ipk,1,ILikeToMoveIt
Le Freak,Chic,Just Dance,Disco / Funk,Inglés,1,1,lefreak_pc.ipk,1,LeFreak
Louie Louie,Iggy Pop,Just Dance,Pop / Dance-Pop,Inglés,1,1,louie_pc.ipk,1,Louie
Lump,The Presidents of The United States of America,Just Dance,Pop / Dance-Pop,Inglés,1,1,lump_pc.ipk,1,Lump
Mashed Potato Time,Dee Dee Sharp,Just Dance,Pop / Dance-Pop,Inglés,1,1,potato_pc.ipk,1,Potato
Step By Step,New Kids On The Block,Just Dance,Pop / Dance-Pop,Inglés,2,1,stepbystep_pc.ipk,1,StepByStep
That's The Way (I Like It),KC & The Sunshine Band,Just Dance,Disco / Funk,Inglés,2,1,thatstheway_pc.ipk,1,ThatsTheWay
U Can't Touch This,MC Hammer,Just Dance,Hip-Hop / Rap,Inglés,1,1,canttouchthis_pc.ipk,1,CantTouchThis
Wannabe,Spice Girls,Just Dance,K-Pop,Coreano,1,1,wannabe_pc.ipk,1,Wannabe
Who Let the Dogs Out,Baha Men,Just Dance,Pop / Dance-Pop,Inglés,1,1,dogsout_pc.ipk,1,DogsOut
Womanizer,Britney Spears,Just Dance,Pop / Dance-Pop,Inglés,1,1,womanizer_pc.ipk,1,Womanizer
A-Punk,Vampire Weekend,Just Dance 2,Pop / Dance-Pop,Inglés,2,2,apunk_pc.ipk,2,APunk
American Boy,Estelle Ft. Kanye West,Just Dance 2,Hip-Hop / Rap,Inglés,2,2,americanboy_pc.ipk,2,AmericanBoy
Baby Girl,Reggaeton,Just Dance 2,Pop / Dance-Pop,Inglés,1,1,babygirl_pc.ipk,2,BabyGirl
Barbie Girl,Aqua,Just Dance 2,Dance / Electrónica,Inglés,1,2,barbiegirl_pc.ipk,2,BarbieGirl
Big Girl (You Are Beautiful),MIKA,Just Dance 2,Pop / Dance-Pop,Inglés,1,1,biggirl_pc.ipk,2,BigGirl
Body Movin' (Fatboy Slim Remix),The Beastie Boys,Just Dance 2,Dance / Electrónica,Inglés,1,1,bodymoving_pc.ipk,2,BodyMoving
Born To Be Wild,Steppenwolf,Just Dance 2,Rock / Pop Rock,Inglés,1,1,borntobewild_pc.ipk,2,BornToBeWild
Chicken Payback,A Band of Bees,Just Dance 2,Disco / Funk,Inglés,1,1,chickenpayback_pc.ipk,2,ChickenPayback
Come On Eileen,Dexy's Midnight Runners,Just Dance 2,Pop / Dance-Pop,Inglés,2,2,comeon_pc.ipk,2,ComeOn
Cosmic Girl,Jamiroquai,Just Dance 2,Pop / Dance-Pop,Inglés,1,1,cosmicgirl_pc.ipk,2,CosmicGirl
Crazy Christmas,Santa Clones,Just Dance 2,Hip-Hop / Rap,Inglés,3,1,xmas_pc.ipk,2,Xmas
Crazy In Love,Beyoncé ft. JAY-Z,Just Dance 2,Hip-Hop / Rap,Inglés,1,1,crazyinlove_pc.ipk,2,CrazyInLove
Crying Blood,V V Brown,Just Dance 2,Pop / Dance-Pop,Inglés,1,1,cryingblood_pc.ipk,2,CryingBlood
D.A.N.C.E.,Justice,Just Dance 2,Pop / Dance-Pop,Inglés,1,1,dance_pc.ipk,2,Dance
Dagomba,Sorcerer,Just Dance 2,Dance / Electrónica,Inglés,2,1,electrotribaldlc_pc.ipk,2,ElectroTribalDLC
Down By The Riverside,The Reverend Horatio Duncan & Amos Sweets,Just Dance 2,K-Pop,Coreano,2,1,riverside_pc.ipk,2,RiverSide
Firework,Katy Perry,Just Dance 2,Pop / Dance-Pop,Inglés,1,1,Firework_pc.ipk,2,Firework
Funkytown,Lipps Inc.,Just Dance 2,Disco / Funk,Inglés,1,1,funkytown_pc.ipk,2,FunkyTown
Futebol Crazy,The World Cup Girls,Just Dance 2,Hip-Hop / Rap,Inglés,1,1,futebol_pc.ipk,2,Futebol
Girlfriend,Avril Lavigne,Just Dance 2,Pop / Dance-Pop,Inglés,1,2,girlfriend_pc.ipk,2,Girlfriend
Here Comes The Hotstepper,The Hit Crew,Just Dance 2,Pop / Dance-Pop,Inglés,2,1,hotstep_pc.ipk,2,HotStep
Hey Ya!,Outkast,Just Dance 2,Hip-Hop / Rap,Inglés,2,1,heyya_pc.ipk,2,HeyYa
Holiday,Madonna,Just Dance 2,J-Pop,Japonés,1,1,holiday_pc.ipk,2,Holiday
Hot Stuff,Donna Summer,Just Dance 2,Disco / Funk,Inglés,2,2,hotstuff_pc.ipk,2,HotStuff
I Want You Back,The Jackson 5,Just Dance 2,Pop / Dance-Pop,Inglés,2,1,iwantyouback_pc.ipk,2,IWantYouBack
Idealistic,Digitalism,Just Dance 2,Pop / Dance-Pop,Inglés,2,1,idealistic_pc.ipk,2,Idealistic
Iko Iko,Mardi Gras,Just Dance 2,Pop / Dance-Pop,Inglés,1,1,ikoiko_pc.ipk,2,IkoIko
It's Not Unusual,Tom Jones,Just Dance 2,Pop / Dance-Pop,Inglés,1,1,unusual_pc.ipk,2,Unusual
It's Raining Men,The Weather Girls,Just Dance 2,Disco / Funk,Inglés,1,1,itsrainingmen_pc.ipk,2,ItsRainingMen
Jai Ho! (You Are My Destiny),A R Rahman and The Pussycat Dolls Ft. Nicole Scherzinger,Just Dance 2,Pop / Dance-Pop,Inglés,1,1,jaiho_pc.ipk,2,JaiHo
Jump,Kriss Kross,Just Dance 2,Hip-Hop / Rap,Inglés,2,2,jump_pc.ipk,2,Jump
Jump In The Line,The Sunlight Shakers,Just Dance 2,Pop / Dance-Pop,Inglés,2,2,jumpintheline_pc.ipk,2,JumpInTheLine
Jungle Boogie,Studio Musicians,Just Dance 2,Pop / Dance-Pop,Inglés,2,1,jungleboogie_pc.ipk,2,JungleBoogie
Katti Kalandal,Bollywood,Just Dance 2,Pop / Dance-Pop,Inglés,2,2,kattikalandal_pc.ipk,2,KattiKalandal
Kung Fu Fighting (Dave Ruffy / Mark Wallis Remix),Carl Douglas,Just Dance 2,Disco / Funk,Inglés,2,2,kungfu_pc.ipk,2,KungFu
Mambo No. 5 (A Little Bit Of Monika),Lou Bega,Just Dance 2,Pop / Dance-Pop,Spanglish,3,2,mambo5_pc.ipk,2,Mambo5
Monster Mash,The Frighteners (in the style of Bobby 'Boris' Pickett & The Crypt-Kickers),Just Dance 2,Pop / Dance-Pop,Inglés,2,1,monstermash_pc.ipk,2,MonsterMash
Move Your Feet,Junior Senior,Just Dance 2,Pop / Dance-Pop,Inglés,2,1,moveyourfeet_pc.ipk,2,MoveYourFeet
Mugsy Baloney,Charleston,Just Dance 2,Pop / Dance-Pop,Inglés,2,2,mugsybaloney_pc.ipk,2,MugsyBaloney
Nine In The Afternoon,Panic! At The Disco,Just Dance 2,Rock / Pop Rock,Inglés,2,2,nineafternoon_pc.ipk,2,NineAfternoon
Professor Pumplestickle,Nick Phoenix and Thomas Bergersen,Just Dance 2,Rock / Pop Rock,Inglés,3,2,professeurdlc_pc.ipk,2,ProfesseurDLC
Proud Mary,Ike & Tina Turner,Just Dance 2,Pop / Dance-Pop,Inglés,1,1,proudmary_pc.ipk,2,ProudMary
Pump Up The Volume,M|A|R|R|S,Just Dance 2,Pop / Dance-Pop,Inglés,1,1,pumpup_pc.ipk,2,PumpUp
Rasputin,Boney M.,Just Dance 2,Disco / Funk,Inglés,2,1,rasputin_pc.ipk,2,Rasputin
Rockafeller Skank,Fatboy Slim,Just Dance 2,Dance / Electrónica,Inglés,2,1,rockafeller_pc.ipk,2,Rockafeller
Soul Bossa Nova,Quincy Jones & His Orchestra,Just Dance 2,Clásica / Instrumental,Inglés,1,2,soulbossanova_pc.ipk,2,SoulBossaNova
Sway (Quien Sera),Marine Band,Just Dance 2,Pop / Dance-Pop,Inglés,2,2,sway_pc.ipk,2,Sway
Take Me Out,Franz Ferdinand,Just Dance 2,Rock / Pop Rock,Inglés,2,1,takemeout_pc.ipk,2,TakeMeOut
That's Not My Name,The Ting Tings,Just Dance 2,Rock / Pop Rock,Inglés,2,1,thatsnotmyname_pc.ipk,2,ThatsNotMyName
TiK ToK,Ke$ha,Just Dance 2,Pop / Dance-Pop,Inglés,2,1,tiktok_pc.ipk,2,TikTok
Wake Me Up Before You Go-Go,Wham!,Just Dance 2,Dance / Electrónica,Inglés,2,1,wakemeup_pc.ipk,2,WakeMeUp
Walk Like An Egyptian,The Bangles,Just Dance 2,Pop / Dance-Pop,Inglés,1,1,walklike_pc.ipk,2,WalkLike
When I Grow Up,The Pussycat Dolls,Just Dance 2,Pop / Dance-Pop,Inglés,1,1,whenigrowup_pc.ipk,2,WhenIGrowUp
Why Oh Why,Love Letter,Just Dance 2,Pop / Dance-Pop,Inglés,2,2,whyowhy_pc.ipk,2,WhyOWhy
You Can't Hurry Love,The Supremes,Just Dance 2,R&B / Soul,Inglés,2,2,canthurrylove_pc.ipk,2,CantHurryLove
#thatPOWER,will.i.am Ft. Justin Bieber,Just Dance 2014,Hip-Hop / Rap,Inglés,4,1,thatpoweralt_pc.ipk,2014,ThatPowerALT
#thatPOWER,will.i.am Ft. Justin Bieber,Just Dance 2014,Hip-Hop / Rap,Inglés,2,3,thatpoweroscdlc_pc.ipk,2014,ThatPowerOSCDLC
#thatPOWER,will.i.am Ft. Justin Bieber,Just Dance 2014,Hip-Hop / Rap,Inglés,1,4,thatpower_pc.ipk,2014,ThatPower
99 Luftballons,Rutschen Planeten,Just Dance 2014,Pop / Dance-Pop,Alemán,1,2,luftballons_pc.ipk,2014,Luftballons
Alfonso Signorini (Eroe Nazionale),Fedez feat. Elio,Just Dance 2014,Hip-Hop / Rap,Inglés,2,1,alfonso_pc.ipk,2014,Alfonso
American Girl,Bonnie McKee,Just Dance 2014,Disco / Funk,Inglés,2,1,americangirldlc_pc.ipk,2014,AmericanGirlDLC
Applause,Lady Gaga,Just Dance 2014,Pop / Dance-Pop,Inglés,1,1,limagolf1_pc.ipk,2014,LimaGolf1
Aquarius/Let The Sunshine In,The Sunlight Shakers,Just Dance 2014,Dance / Electrónica,Inglés,1,2,aquarius_pc.ipk,2014,Aquarius
Blame It On The Boogie,The Jacksons,Just Dance 2014,Disco / Funk,Inglés,4,1,blameitalt_pc.ipk,2014,BlameItALT
Blame It On The Boogie,The Jacksons,Just Dance 2014,Disco / Funk,Inglés,2,4,blameit_pc.ipk,2014,BlameIt
Blurred Lines,Robin Thicke Ft. Pharrell Williams,Just Dance 2014,Rock / Pop Rock,Inglés,4,1,blurredlinesaltdlc_pc.ipk,2014,BlurredLinesALTDLC
Blurred Lines,Robin Thicke Ft. Pharrell Williams,Just Dance 2014,Rock / Pop Rock,Inglés,2,2,blurredlines_pc.ipk,2014,BlurredLines
Blurred Lines,Robin Thicke Ft. Pharrell Williams,Just Dance 2014,Rock / Pop Rock,Inglés,2,2,justmaxbl_pc.ipk,2014,JustMaxBL
C'mon,Ke$ha,Just Dance 2014,Pop / Dance-Pop,Inglés,1,2,cmon_pc.ipk,2014,Cmon
Can't Get Enough,Becky G Ft. Pitbull,Just Dance 2014,Pop / Dance-Pop,Spanglish,2,1,cantgetenoughdlc_pc.ipk,2014,CantGetEnoughDLC
Can't Hold Us,Macklemore & Ryan Lewis Ft. Ray Dalton,Just Dance 2014,K-Pop,Coreano,2,1,cantholddlc_pc.ipk,2014,CantHoldDLC
Candy,Robbie Williams,Just Dance 2014,Pop / Dance-Pop,Inglés,2,2,candy_pc.ipk,2014,Candy
Careless Whisper,George Michael,Just Dance 2014,Pop / Dance-Pop,Inglés,2,3,carelesswhisperosc_pc.ipk,2014,CarelessWhisperOSC
Careless Whisper,George Michael,Just Dance 2014,Pop / Dance-Pop,Inglés,2,2,carelesswhisper_pc.ipk,2014,CarelessWhisper
Could You Be Loved,Bob Marley,Just Dance 2014,Pop / Dance-Pop,Inglés,2,2,couldyoubeloved_pc.ipk,2014,CouldYouBeLoved
Danse (Pop version),Tal,Just Dance 2014,Pop / Dance-Pop,Inglés,1,1,danse_pc.ipk,2014,Danse
Dançando,Ivete Sangalo,Just Dance 2014,K-Pop,Coreano,2,1,dancando_pc.ipk,2014,Dancando
Don't You Worry Child,Swedish House Mafia,Just Dance 2014,Dance / Electrónica,Inglés,2,1,dontyouworrydlc_pc.ipk,2014,DontYouWorryDLC
Feel So Right,Imposs Ft. Konshens,Just Dance 2014,Pop / Dance-Pop,Inglés,2,1,feelsoright_pc.ipk,2014,FeelSoRight
Feel This Moment,Pitbull Ft. Christina Aguilera,Just Dance 2014,Dance / Electrónica,Inglés,2,1,feelthismoment_pc.ipk,2014,FeelThisMoment
Fine China,Chris Brown,Just Dance 2014,R&B / Soul,Inglés,4,1,finechinaalt_pc.ipk,2014,FineChinaALT
Fine China,Chris Brown,Just Dance 2014,R&B / Soul,Inglés,2,1,finechina_pc.ipk,2014,FineChina
Flashdance... What A Feeling,The Girly Team,Just Dance 2014,Pop / Dance-Pop,Inglés,2,1,whatafeeling_pc.ipk,2014,WhatAFeeling
Follow The Leader,Wisin & Yandel Ft. Jennifer Lopez,Just Dance 2014,Pop Latino / Urbano,Español,2,1,followtheleaderswt_pc.ipk,2014,FollowTheLeaderSWT
Follow the Leader,Wisin & Yandel Ft. Jennifer Lopez,Just Dance 2014,Pop Latino / Urbano,Español,3,1,followtheleader_pc.ipk,2014,FollowTheLeader
Gentleman,PSY,Just Dance 2014,K-Pop,Coreano,1,1,gentlemanswt_pc.ipk,2014,GentlemanSWT
Gentleman,PSY,Just Dance 2014,K-Pop,Coreano,1,1,gentleman_pc.ipk,2014,Gentleman
Get Lucky,Daft Punk Ft. Pharrell Williams,Just Dance 2014,Pop / Dance-Pop,Inglés,1,2,getlucky_pc.ipk,2014,GetLucky
Ghostbusters,Ray Parker Jr.,Just Dance 2014,Banda Sonora / Musical,Inglés,1,1,ghostbustersswt_pc.ipk,2014,GhostbustersSWT
Ghostbusters,Ray Parker Jr.,Just Dance 2014,Banda Sonora / Musical,Inglés,1,4,ghostbusters_pc.ipk,2014,Ghostbusters
Gimme! Gimme! Gimme! (A Man After Midnight),ABBA,Just Dance 2014,Disco / Funk,Inglés,1,3,gimmegimmeosc_pc.ipk,2014,GimmeGimmeOSC
Gimme! Gimme! Gimme! (A Man After Midnight),ABBA,Just Dance 2014,Disco / Funk,Inglés,1,1,gimmegimme_pc.ipk,2014,GimmeGimme
I Kissed a Girl,Katy Perry,Just Dance 2014,Rock / Pop Rock,Inglés,1,3,ikissedosc_pc.ipk,2014,IKissedOSC
I Kissed a Girl,Katy Perry,Just Dance 2014,Rock / Pop Rock,Inglés,1,1,ikissedswt_pc.ipk,2014,IKissedSWT
I Kissed a Girl,Katy Perry,Just Dance 2014,Rock / Pop Rock,Inglés,1,1,ikissed_pc.ipk,2014,IKissed
I Need Your Love,Calvin Harris Ft. Ellie Goulding,Just Dance 2014,Infantil,Inglés,1,1,ineedyourlovedlc_pc.ipk,2014,INeedYourLoveDLC
I Will Survive,Gloria Gaynor,Just Dance 2014,K-Pop,Coreano,1,3,iwillsurviveosc_pc.ipk,2014,IWillSurviveOSC
I Will Survive,Gloria Gaynor,Just Dance 2014,K-Pop,Coreano,1,1,iwillsurvive_pc.ipk,2014,IWillSurvive
In The Summertime,Mungo Jerry,Just Dance 2014,Pop / Dance-Pop,Inglés,2,4,summertime_pc.ipk,2014,SummerTime
Isidora,Bog Bog Orkestar,Just Dance 2014,Pop / Dance-Pop,Inglés,2,1,zagreb_pc.ipk,2014,Zagreb
It's You,Duck Sauce,Just Dance 2014,Pop / Dance-Pop,Inglés,1,1,itsyouswt_pc.ipk,2014,ItsYouSWT
It's You,Duck Sauce,Just Dance 2014,Pop / Dance-Pop,Inglés,1,1,itsyou_pc.ipk,2014,ItsYou
Just A Gigolo,Louis Prima,Just Dance 2014,Pop / Dance-Pop,Inglés,1,2,gigolo_pc.ipk,2014,Gigolo
Just Dance,Lady Gaga Ft. Colby O'Donis,Just Dance 2014,Pop / Dance-Pop,Inglés,1,3,justdanceosc_pc.ipk,2014,JustDanceOSC
Just Dance,Lady Gaga Ft. Colby O'Donis,Just Dance 2014,Pop / Dance-Pop,Inglés,2,1,justdanceswtdlc_pc.ipk,2014,JustDanceSWTDLC
Just Dance,Lady Gaga Ft. Colby O'Donis,Just Dance 2014,Pop / Dance-Pop,Inglés,1,1,justdance_pc.ipk,2014,JustDance
Kiss You,One Direction,Just Dance 2014,Rock / Pop Rock,Inglés,1,6,kissyousix_pc.ipk,2014,KissYouSIX
Kiss You,One Direction,Just Dance 2014,Rock / Pop Rock,Inglés,1,1,kissyouswt_pc.ipk,2014,KissYouSWT
Kiss You,One Direction,Just Dance 2014,Rock / Pop Rock,Inglés,2,4,kissyou_pc.ipk,2014,KissYou
Limbo,Daddy Yankee,Just Dance 2014,K-Pop,Español,2,1,limboswt_pc.ipk,2014,LimboSWT
Limbo,Daddy Yankee,Just Dance 2014,K-Pop,Español,2,2,limbo_pc.ipk,2014,Limbo
Love Boat,Frankie Bostello,Just Dance 2014,K-Pop,Coreano,1,1,loveboat_pc.ipk,2014,LoveBoat
Maria,Ricky Martin,Just Dance 2014,Pop Latino / Urbano,Español,2,1,mariaswt_pc.ipk,2014,MariaSWT
Maria,Ricky Martin,Just Dance 2014,Pop Latino / Urbano,Español,2,1,maria_pc.ipk,2014,Maria
Miss Understood,Sammie,Just Dance 2014,Pop / Dance-Pop,Inglés,1,1,misunderstood_pc.ipk,2014,Misunderstood
Moskau,Dancing Bros.,Just Dance 2014,Pop / Dance-Pop,Alemán,2,2,moskau_pc.ipk,2014,Moskau
My Main Girl,MainStreet,Just Dance 2014,Pop / Dance-Pop,Inglés,1,1,maingirldlc_pc.ipk,2014,MainGirlDLC
Nitro Bot,Sentai Express,Just Dance 2014,Pop / Dance-Pop,Inglés,1,2,robotrock_pc.ipk,2014,RobotRock
One Way Or Another (Teenage Kicks),One Direction,Just Dance 2014,Pop / Dance-Pop,Inglés,2,1,onewaydlc_pc.ipk,2014,OneWayDLC
Pound The Alarm,Nicki Minaj,Just Dance 2014,Hip-Hop / Rap,Inglés,4,1,poundthealarmaltdlc_pc.ipk,2014,PoundTheAlarmALTDLC
Pound The Alarm,Nicki Minaj,Just Dance 2014,Hip-Hop / Rap,Inglés,1,4,poundthealarm_pc.ipk,2014,PoundTheAlarm
Prince Ali,Disney's Aladdin,Just Dance 2014,Banda Sonora / Musical,Inglés,1,4,princeali_pc.ipk,2014,PrinceAli
Rich Girl,Gwen Stefani Ft. Eve,Just Dance 2014,R&B / Soul,Inglés,2,1,richgirlalt_pc.ipk,2014,RichGirlALT
Rich Girl,Gwen Stefani Ft. Eve,Just Dance 2014,R&B / Soul,Inglés,2,1,richgirl_pc.ipk,2014,RichGirl
Roar,Katy Perry,Just Dance 2014,Pop / Dance-Pop,Inglés,2,1,kilopapadlc_pc.ipk,2014,KiloPapaDLC
Rock N Roll,Avril Lavigne,Just Dance 2014,Pop / Dance-Pop,Inglés,1,1,rocknrolldlc_pc.ipk,2014,RockNRollDLC
Safe And Sound,Capital Cities,Just Dance 2014,Pop / Dance-Pop,Inglés,1,1,safeandsound_pc.ipk,2014,SafeAndSound
Sexy And I know It,LMFAO,Just Dance 2014,Dance / Electrónica,Inglés,2,1,sexyandiknowitdlc_pc.ipk,2014,SexyAndIKnowItDLC
She Wolf (Falling to Pieces),David Guetta Ft. SIA,Just Dance 2014,Dance / Electrónica,Inglés,2,1,shewolf_pc.ipk,2014,SheWolf
Starships,Nicki Minaj,Just Dance 2014,Hip-Hop / Rap,Inglés,3,2,starshipsalt_pc.ipk,2014,StarshipsALT
Starships,Nicki Minaj,Just Dance 2014,Hip-Hop / Rap,Inglés,2,1,starships_pc.ipk,2014,Starships
The Other Side,Jason Derulo,Just Dance 2014,Pop / Dance-Pop,Inglés,2,1,otherside_pc.ipk,2014,OtherSide
The Way,Ariana Grande Ft. Mac Miller,Just Dance 2014,Hip-Hop / Rap,Inglés,1,2,theway_pc.ipk,2014,TheWay
The World Is Ours,David Correy Ft. Monobloco,Just Dance 2014,K-Pop,Coreano,1,1,theworlddlc_pc.ipk,2014,TheWorldDLC
Timber,Pitbull Ft. Ke$ha,Just Dance 2014,Dance / Electrónica,Inglés,2,2,timberdlc_pc.ipk,2014,TimberDLC
Troublemaker,Olly Murs Ft. Flo Rida,Just Dance 2014,Hip-Hop / Rap,Inglés,1,1,troublemakerswt_pc.ipk,2014,TroublemakerSWT
Troublemaker,Olly Murs Ft. Flo Rida,Just Dance 2014,Hip-Hop / Rap,Inglés,3,1,troublemaker_pc.ipk,2014,Troublemaker
Turn Up The Love,Far East Movement Ft. Cover Drive,Just Dance 2014,K-Pop,Coreano,1,4,turnupthelovealt_pc.ipk,2014,TurnUpTheLoveALT
Turn Up The Love,Far East Movement Ft. Cover Drive,Just Dance 2014,K-Pop,Coreano,4,1,turnupthelovefan_pc.ipk,2014,TurnUpTheLoveFAN
Turn Up The Love,Far East Movement Ft. Cover Drive,Just Dance 2014,K-Pop,Coreano,2,2,turnupthelove_pc.ipk,2014,TurnUpTheLove
Wake Me Up,Avicii,Just Dance 2014,Dance / Electrónica,Inglés,2,1,wakemeupdlc_pc.ipk,2014,WakeMeUpDLC
Waking Up In Vegas,Katy Perry,Just Dance 2014,Pop / Dance-Pop,Inglés,1,1,wakingup_pc.ipk,2014,WakingUp
What About Love,Austin Mahone,Just Dance 2014,Pop / Dance-Pop,Inglés,2,1,whataboutlovedlc_pc.ipk,2014,WhatAboutLoveDLC
Where Have You Been,Rihanna,Just Dance 2014,R&B / Soul,Inglés,4,1,wherehaveyoualt_pc.ipk,2014,WhereHaveYouALT
Where Have You Been,Rihanna,Just Dance 2014,R&B / Soul,Inglés,2,3,wherehaveyouosc_pc.ipk,2014,WhereHaveYouOSC
Where Have You Been,Rihanna,Just Dance 2014,R&B / Soul,Inglés,3,1,wherehaveyou_pc.ipk,2014,WhereHaveYou
Wild,Jessie J Ft. Big Sean,Just Dance 2014,Hip-Hop / Rap,Inglés,2,1,wild_pc.ipk,2014,Wild
Y.M.C.A.,Village People,Just Dance 2014,Disco / Funk,Inglés,1,4,ymca_pc.ipk,2014,YMCA
4x4,Miley Cyrus,Just Dance 2015,Country / Folk,Inglés,2,4,4x4_pc.ipk,2015,4x4
Addicted To You,Avicii,Just Dance 2015,Dance / Electrónica,Inglés,2,1,addictedtoyou_pc.ipk,2015,AddictedToYou
Ain't No Mountain High Enough,Marvin Gaye & Tammi Terrell,Just Dance 2015,R&B / Soul,Inglés,1,2,nomountain_pc.ipk,2015,NoMountain
Bad Romance,Lady Gaga,Just Dance 2015,Pop / Dance-Pop,Inglés,4,1,badromancealt_pc.ipk,2015,BadRomanceALT
Bad Romance,Lady Gaga,Just Dance 2015,Pop / Dance-Pop,Inglés,2,3,badromance_pc.ipk,2015,BadRomance
Bailando,Enrique Iglesias feat. Descemer Bueno and Gente de Zona,Just Dance 2015,Pop Latino / Urbano,Spanglish,1,2,bailando_pc.ipk,2015,Bailando
Bang Bang,"Jessie J, Ariana Grande and Nicki Minaj",Just Dance 2015,Hip-Hop / Rap,Inglés,3,4,balance_pc.ipk,2015,Balance
Best Song Ever,One Direction,Just Dance 2015,Pop / Dance-Pop,Inglés,3,4,bestsongever_pc.ipk,2015,BestSongEver
Birthday,Katy Perry,Just Dance 2015,Pop / Dance-Pop,Inglés,2,1,birthday_pc.ipk,2015,Birthday
Black Widow,Iggy Azalea Ft. Rita Ora,Just Dance 2015,Hip-Hop / Rap,Inglés,2,1,blackwidow_pc.ipk,2015,BlackWidow
Boom Clap,Charli XCX,Just Dance 2015,Pop / Dance-Pop,Inglés,2,1,boomclapdlc_pc.ipk,2015,BoomClapDLC
Break Free,Ariana Grande Ft. Zedd,Just Dance 2015,Dance / Electrónica,Inglés,1,1,breakfreedlc_pc.ipk,2015,BreakFreeDLC
Built For This,Becky G,Just Dance 2015,Pop / Dance-Pop,Inglés,2,1,builtforthis_pc.ipk,2015,BuiltForThis
Burn,Ellie Goulding,Just Dance 2015,Pop / Dance-Pop,Inglés,2,1,burn_pc.ipk,2015,Burn
Dancing Queen,ABBA,Just Dance 2015,Disco / Funk,Inglés,2,3,dancingqueen_pc.ipk,2015,DancingQueen
Dark Horse,Katy Perry,Just Dance 2015,Pop / Dance-Pop,Inglés,2,3,darkhorse_pc.ipk,2015,DarkHorse
Diamonds,Rihanna,Just Dance 2015,R&B / Soul,Inglés,2,2,diamondsalt_pc.ipk,2015,DiamondsALT
Diamonds,Rihanna,Just Dance 2015,R&B / Soul,Inglés,2,1,diamonds_pc.ipk,2015,Diamonds
Don't Worry Be Happy,The Bench Men,Just Dance 2015,Pop / Dance-Pop,Inglés,1,3,dontworry_pc.ipk,2015,DontWorry
Epic Sirtaki,The Bouzouki's,Just Dance 2015,Pop / Dance-Pop,Inglés,3,3,sirtaki_pc.ipk,2015,Sirtaki
Fatima,Cheb Salama,Just Dance 2015,Pop / Dance-Pop,Inglés,3,1,fatima_pc.ipk,2015,Fatima
Get Low,Dillon Francis & DJ Snake,Just Dance 2015,Dance / Electrónica,Inglés,2,2,getlow_pc.ipk,2015,GetLow
Happy,Pharrell Williams,Just Dance 2015,Pop / Dance-Pop,Inglés,1,3,happyalt_pc.ipk,2015,HappyALT
Happy,Pharrell Williams,Just Dance 2015,Pop / Dance-Pop,Inglés,2,1,happy_pc.ipk,2015,Happy
Holding Out For A Hero,Bonnie Tyler,Just Dance 2015,Rock / Pop Rock,Inglés,2,1,holdingout_pc.ipk,2015,HoldingOut
I Love It,Icona Pop Ft. Charli XCX,Just Dance 2015,Pop / Dance-Pop,Inglés,2,2,iloveitalt_pc.ipk,2015,ILoveItALT
I Love It,Icona Pop Ft. Charli XCX,Just Dance 2015,Pop / Dance-Pop,Inglés,2,1,iloveit_pc.ipk,2015,ILoveIt
India Waale,From the movie Happy New Year,Just Dance 2015,Pop / Dance-Pop,Inglés,3,2,indiawaale_pc.ipk,2015,IndiaWaale
It's My Birthday,will.i.am Ft. Cody Wise,Just Dance 2015,Hip-Hop / Rap,Inglés,2,1,itsmybirthdayalt_pc.ipk,2015,ItsMyBirthdayALT
It's My Birthday,will.i.am Ft. Cody Wise,Just Dance 2015,Hip-Hop / Rap,Inglés,2,3,itsmybirthday_pc.ipk,2015,ItsMyBirthday
Let It Go,Disney's Frozen,Just Dance 2015,Banda Sonora / Musical,Inglés,1,1,letitgodlc_pc.ipk,2015,LetItGoDLC
Let It Go,Disney's Frozen,Just Dance 2015,Banda Sonora / Musical,Inglés,2,2,letitgo_pc.ipk,2015,LetItGo
Love Is All,The Sunlight Shakers,Just Dance 2015,Pop / Dance-Pop,Inglés,1,2,loveisall_pc.ipk,2015,LoveIsAll
Love Me Again,John Newman,Just Dance 2015,Pop / Dance-Pop,Inglés,2,1,lovemeagain_pc.ipk,2015,LoveMeAgain
Macarena,The Girly Team,Just Dance 2015,Pop Latino / Urbano,Spanglish,1,4,macarena_pc.ipk,2015,Macarena
Mahna Mahna,Frankie Bostello,Just Dance 2015,Pop / Dance-Pop,Inglés,2,3,mahna_pc.ipk,2015,MahNa
Maps,Maroon 5,Just Dance 2015,Pop / Dance-Pop,Inglés,2,1,mad_pc.ipk,2015,Mad
Me And My Broken Heart,Rixton,Just Dance 2015,Rock / Pop Rock,Inglés,2,2,brokenheart_pc.ipk,2015,BrokenHeart
Movement is Happiness (Find Your Thing),Avishay Goren and Yossi Cohen,Just Dance 2015,J-Pop,Japonés,2,1,findyourmove_pc.ipk,2015,FindYourMove
Never Can Say Goodbye,Gloria Gaynor,Just Dance 2015,Disco / Funk,Inglés,1,1,nevercansay_pc.ipk,2015,NeverCanSay
Only You (And You Alone),Love Letter,Just Dance 2015,Pop / Dance-Pop,Inglés,2,2,onlyyou_pc.ipk,2015,OnlyYou
Papaoutai,Stromae,Just Dance 2015,Pop / Dance-Pop,Francés,3,1,papaoutaialt_pc.ipk,2015,PapaoutaiALT
Papaoutai,Stromae,Just Dance 2015,Pop / Dance-Pop,Francés,2,2,papaoutai_pc.ipk,2015,Papaoutai
Problem,Ariana Grande Ft. Iggy Azalea and Big Sean,Just Dance 2015,Hip-Hop / Rap,Inglés,2,1,problem_pc.ipk,2015,Problem
She Looks So Perfect,5 Seconds of Summer,Just Dance 2015,Pop / Dance-Pop,Inglés,2,4,soperfect_pc.ipk,2015,SoPerfect
Speedy Gonzalez,Los Pimientos Locos,Just Dance 2015,K-Pop,Coreano,2,2,speedy_pc.ipk,2015,Speedy
Summer,Calvin Harris,Just Dance 2015,Infantil,Inglés,1,1,summeralt_pc.ipk,2015,SummerALT
Summer,Calvin Harris,Just Dance 2015,Infantil,Inglés,2,1,summer_pc.ipk,2015,Summer
Tetris,Dancing Bros.,Just Dance 2015,Pop / Dance-Pop,Instrumental,3,4,tetris_pc.ipk,2015,Tetris
The Fox (What Does the Fox Say?),Ylvis,Just Dance 2015,Pop / Dance-Pop,Inglés,2,2,thefoxalt_pc.ipk,2015,TheFoxALT
The Fox (What Does the Fox Say?),Ylvis,Just Dance 2015,Pop / Dance-Pop,Inglés,2,3,thefox_pc.ipk,2015,TheFox
Till I Find You,Austin Mahone,Just Dance 2015,Pop / Dance-Pop,Inglés,3,1,findyou_pc.ipk,2015,FindYou
Walk This Way,Run-DMC & Aerosmith,Just Dance 2015,Rock / Pop Rock,Inglés,4,1,walkthiswayalt_pc.ipk,2015,WalkThisWayALT
Walk This Way,Run-DMC & Aerosmith,Just Dance 2015,Rock / Pop Rock,Inglés,3,4,walkthisway_pc.ipk,2015,WalkThisWay
XMas Tree,Bollywood Santa,Just Dance 2015,Pop / Dance-Pop,Inglés,3,2,bollywoodxmas_pc.ipk,2015,BollywoodXmas
You Spin Me Round (Like A Record),Dead Or Alive,Just Dance 2015,K-Pop,Coreano,2,1,spinmeround_pc.ipk,2015,SpinMeRound
You're On My Mind,Imposs Ft. J. Perry,Just Dance 2015,Pop / Dance-Pop,Inglés,2,4,onmymind_pc.ipk,2015,OnMyMind
All About That Bass,Meghan Trainor,Just Dance 2016,Dance / Electrónica,Inglés,2,2,aboutthatbassalt_pc.ipk,2016,AboutThatBassALT
All About That Bass,Meghan Trainor,Just Dance 2016,Dance / Electrónica,Inglés,2,1,aboutthatbass_pc.ipk,2016,AboutThatBass
Am I Wrong,Nico & Vinz,Just Dance 2016,Pop / Dance-Pop,Inglés,2,1,amiwrong_pc.ipk,2016,AmIWrong
Animals,Martin Garrix,Just Dance 2016,Dance / Electrónica,Inglés,4,1,animalsalt_pc.ipk,2016,AnimalsALT
Animals,Martin Garrix,Just Dance 2016,Dance / Electrónica,Inglés,3,2,animals_pc.ipk,2016,Animals
Balkan Blast Remix,Angry Birds,Just Dance 2016,Infantil,Inglés,1,4,angrybirds_pc.ipk,2016,AngryBirds
Better When I'm Dancin',Meghan Trainor,Just Dance 2016,Pop / Dance-Pop,Inglés,2,1,betterwhen_pc.ipk,2016,BetterWhen
Blame,Calvin Harris Ft. John Newman,Just Dance 2016,Infantil,Inglés,2,1,blame_pc.ipk,2016,Blame
Born This Way,Lady Gaga,Just Dance 2016,Pop / Dance-Pop,Inglés,1,1,bornthiswayalt_pc.ipk,2016,BornThisWayALT
Born This Way,Lady Gaga,Just Dance 2016,Pop / Dance-Pop,Inglés,3,3,bornthisway_pc.ipk,2016,BornThisWay
Boys (Summertime Love),The Lemon Cubes,Just Dance 2016,Pop / Dance-Pop,Inglés,1,3,boysboys_pc.ipk,2016,BoysBoys
Cheerleader (Felix Jaehn Remix),OMI,Just Dance 2016,Dance / Electrónica,Inglés,1,4,cheerleader_pc.ipk,2016,Cheerleader
Chiwawa,Wanko Ni Mero Mero,Just Dance 2016,J-Pop,Japonés,2,1,barbie_pc.ipk,2016,Barbie
Chiwawa,Wanko Ni Mero Mero,Just Dance 2016,J-Pop,Japonés,2,1,chiwawa_pc.ipk,2016,Chiwawa
Circus,Britney Spears,Just Dance 2016,Pop / Dance-Pop,Inglés,4,1,circusalt_pc.ipk,2016,CircusALT
Circus,Britney Spears,Just Dance 2016,Pop / Dance-Pop,Inglés,2,4,circus_pc.ipk,2016,Circus
Cool For The Summer,Demi Lovato,Just Dance 2016,Pop / Dance-Pop,Inglés,1,1,coolos_pc.ipk,2016,Coolos
Copacabana,Frankie Bostello,Just Dance 2016,Pop / Dance-Pop,Inglés,1,4,copacabana_pc.ipk,2016,CopaCabana
Drop The Mambo,Diva Carmina,Just Dance 2016,Dance / Electrónica,Inglés,3,1,electromambo_pc.ipk,2016,ElectroMambo
Fancy,Iggy Azalea Ft. Charli XCX,Just Dance 2016,K-Pop,Coreano,2,1,fancyalt_pc.ipk,2016,FancyALT
Fancy,Iggy Azalea Ft. Charli XCX,Just Dance 2016,K-Pop,Coreano,2,3,fancy_pc.ipk,2016,Fancy
Fun,Pitbull Ft. Chris Brown,Just Dance 2016,Dance / Electrónica,Inglés,2,1,fun_pc.ipk,2016,Fun
Get Ugly,Jason Derulo,Just Dance 2016,Pop / Dance-Pop,Inglés,2,3,getugly_pc.ipk,2016,GetUgly
Gibberish,MAX,Just Dance 2016,Pop / Dance-Pop,Inglés,3,2,gibberish_pc.ipk,2016,Gibberish
Hangover (BaBaBa),Buraka Som Sistema,Just Dance 2016,Pop / Dance-Pop,Inglés,2,2,hangover_pc.ipk,2016,Hangover
Heartbeat Song,Kelly Clarkson,Just Dance 2016,Rock / Pop Rock,Inglés,1,1,heartbeat_pc.ipk,2016,Heartbeat
Hey Mama,"David Guetta Ft. Nicki Minaj, Bebe Rexha & Afrojack",Just Dance 2016,Dance / Electrónica,Inglés,2,3,heymamaalt_pc.ipk,2016,HeyMamaALT
Hey Mama,"David Guetta Ft. Nicki Minaj, Bebe Rexha & Afrojack",Just Dance 2016,Dance / Electrónica,Inglés,3,3,heymama_pc.ipk,2016,HeyMama
Hit The Road Jack,Charles Percy,Just Dance 2016,Pop / Dance-Pop,Inglés,2,3,hittheroadalt_pc.ipk,2016,HitTheRoadALT
Hit The Road Jack,Charles Percy,Just Dance 2016,Pop / Dance-Pop,Inglés,1,2,hittheroad_pc.ipk,2016,HitTheRoad
Hold My Hand,Jess Glynne,Just Dance 2016,Pop / Dance-Pop,Inglés,1,1,holdmyhand_pc.ipk,2016,HoldMyHand
I Gotta Feeling,Black Eyed Peas,Just Dance 2016,Hip-Hop / Rap,Inglés,1,2,igotafeelingalt_pc.ipk,2016,IGotAFeelingALT
I Gotta Feeling,Black Eyed Peas,Just Dance 2016,Hip-Hop / Rap,Inglés,1,1,igotafeeling_pc.ipk,2016,IGotAFeeling
I'm An Albatraoz,AronChupa,Just Dance 2016,Dance / Electrónica,Inglés,3,1,albatraoz_pc.ipk,2016,Albatraoz
Ievan Polkka,Hatsune Miku,Just Dance 2016,Pop / Dance-Pop,Inglés,1,1,levanpolkka_pc.ipk,2016,LevanPolkka
Irish Meadow Dance,O'Callaghan's Orchestra,Just Dance 2016,J-Pop,Japonés,2,4,saintpatrick_pc.ipk,2016,SaintPatrick
Junto a Ti,"Disney's ""Violetta""",Just Dance 2016,Banda Sonora / Musical,Inglés,2,3,juntoati_pc.ipk,2016,JuntoATi
Kaboom Pow,Nikki Yanofsky,Just Dance 2016,Pop / Dance-Pop,Inglés,2,1,kaboompow_pc.ipk,2016,KaboomPow
Kool Kontact,Glorious Black Belts,Just Dance 2016,Pop / Dance-Pop,Inglés,2,2,kungfunk_pc.ipk,2016,KungFunk
Let's Groove,Equinox Stars,Just Dance 2016,Pop / Dance-Pop,Inglés,2,3,letsgroove_pc.ipk,2016,LetsGroove
Lights,Ellie Goulding,Just Dance 2016,Pop / Dance-Pop,Inglés,1,1,lights_pc.ipk,2016,Lights
No Control,One Direction,Just Dance 2016,Pop / Dance-Pop,Inglés,1,4,nocontrol_pc.ipk,2016,NoControl
Rabiosa,Shakira Ft. El Cata,Just Dance 2016,Pop Latino / Urbano,Spanglish,2,1,rabiosaalt_pc.ipk,2016,RabiosaALT
Rabiosa,Shakira Ft. El Cata,Just Dance 2016,Pop Latino / Urbano,Spanglish,2,1,rabiosa_pc.ipk,2016,Rabiosa
Same Old Love,Selena Gomez,Just Dance 2016,Pop / Dance-Pop,Inglés,3,3,stargate_pc.ipk,2016,Stargate
Shut Up And Dance,Walk The Moon,Just Dance 2016,Rock / Pop Rock,Inglés,3,2,shutup_pc.ipk,2016,ShutUp
SMILE (Улыбайся),IOWA,Just Dance 2016,Pop / Dance-Pop,Inglés,1,1,ulibayssia_pc.ipk,2016,Ulibayssia
Stadium Flow,Imposs,Just Dance 2016,Pop / Dance-Pop,Inglés,1,1,stadiumflowfan_pc.ipk,2016,StadiumFlowFAN
Stadium Flow,Imposs,Just Dance 2016,Pop / Dance-Pop,Inglés,1,1,stadiumflow_pc.ipk,2016,StadiumFlow
Stuck On A Feeling,Prince Royce,Just Dance 2016,Pop Latino / Urbano,Español,3,1,stuckonafeeling_pc.ipk,2016,StuckOnAFeeling
Taste The Feeling,Avicii vs. Conrad Sewell,Just Dance 2016,Dance / Electrónica,Inglés,2,1,tastethefeelingalt_pc.ipk,2016,TasteTheFeelingALT
Taste The Feeling,Avicii vs. Conrad Sewell,Just Dance 2016,Dance / Electrónica,Inglés,1,1,tastethefeeling_pc.ipk,2016,TasteTheFeeling
Teacher,Nick Jonas,Just Dance 2016,Hip-Hop / Rap,Inglés,1,2,teacheralt_pc.ipk,2016,TeacherALT
Teacher,Nick Jonas,Just Dance 2016,Hip-Hop / Rap,Inglés,1,1,teacher_pc.ipk,2016,Teacher
The Choice Is Yours,Darius Dante Van Dijk,Just Dance 2016,Pop / Dance-Pop,Inglés,1,1,thechoice_pc.ipk,2016,TheChoice
These Boots Are Made For Walkin',The Girly Team,Just Dance 2016,Pop / Dance-Pop,Inglés,1,1,theseboots_pc.ipk,2016,TheseBoots
This Is How We Do,Katy Perry,Just Dance 2016,Pop / Dance-Pop,Inglés,2,1,thisishowalt_pc.ipk,2016,ThisIsHowALT
This Is How We Do,Katy Perry,Just Dance 2016,Pop / Dance-Pop,Inglés,1,1,thisishowfan_pc.ipk,2016,ThisIsHowFAN
This Is How We Do,Katy Perry,Just Dance 2016,Pop / Dance-Pop,Inglés,1,4,thisishow_pc.ipk,2016,ThisIsHow
Under the Sea,"Disney's ""The Little Mermaid""",Just Dance 2016,Banda Sonora / Musical,Inglés,1,1,underthesea_pc.ipk,2016,UnderTheSea
Uptown Funk,Mark Ronson Ft. Bruno Mars,Just Dance 2016,Hip-Hop / Rap,Inglés,2,3,uptownfunkalt_pc.ipk,2016,UptownFunkALT
Uptown Funk,Mark Ronson Ft. Bruno Mars,Just Dance 2016,Hip-Hop / Rap,Inglés,2,1,uptownfunk_pc.ipk,2016,UptownFunk
Want To Want Me,Jason Derulo,Just Dance 2016,Pop / Dance-Pop,Inglés,3,2,wanttowantmealt_pc.ipk,2016,WantToWantMeALT
Want To Want Me,Jason Derulo,Just Dance 2016,Pop / Dance-Pop,Inglés,2,1,wanttowantme_pc.ipk,2016,WantToWantMe
When The Rain Begins To Fall,Sky Trucking,Just Dance 2016,Pop / Dance-Pop,Inglés,1,2,whentherain_pc.ipk,2016,WhenTheRain
William Tell Overture,Rossini,Just Dance 2016,Clásica / Instrumental,Instrumental,1,2,williamtell_pc.ipk,2016,WilliamTell
You Never Can Tell,A. Caveman & The Backseats,Just Dance 2016,Pop / Dance-Pop,Inglés,1,2,younevercan_pc.ipk,2016,YouNeverCan
You're The One That I Want,From The Movie Grease,Just Dance 2016,Banda Sonora / Musical,Inglés,1,2,youretheone_pc.ipk,2016,YoureTheOne
Ain't My Fault,Zara Larsson,Just Dance 2017,Pop / Dance-Pop,Inglés,2,1,aintmy_pc.ipk,2017,AintMy
All About Us,Jordan Fisher,Just Dance 2017,Pop / Dance-Pop,Inglés,2,3,allaboutus_pc.ipk,2017,AllAboutUs
Bailar,Deorro Ft. Elvis Crespo,Just Dance 2017,Dance / Electrónica,Spanglish,1,1,bailar_pc.ipk,2017,Bailar
Bang,Anitta,Just Dance 2017,Pop Latino / Urbano,Portugués,1,1,bang_pc.ipk,2017,Bang
Bonbon,Era Istrefi,Just Dance 2017,Pop / Dance-Pop,Inglés,3,1,bonbon_pc.ipk,2017,Bonbon
Cake By The Ocean,DNCE,Just Dance 2017,Pop / Dance-Pop,Inglés,2,2,cakebytheoceanalt_pc.ipk,2017,CakeByTheOceanALT
Cake By The Ocean,DNCE,Just Dance 2017,Pop / Dance-Pop,Inglés,1,1,cakebytheocean_pc.ipk,2017,CakeByTheOcean
Can't Feel My Face,The Weeknd,Just Dance 2017,R&B / Soul,Inglés,2,1,cantfeelmyface_pc.ipk,2017,CantFeelMyFace
Carnaval Boom,Latino Sunset,Just Dance 2017,Pop / Dance-Pop,Inglés,3,1,samba_pc.ipk,2017,Samba
Cheap Thrills,Sia Ft. Sean Paul,Just Dance 2017,Pop / Dance-Pop,Inglés,3,2,cheapthrillsalt_pc.ipk,2017,CheapThrillsALT
Cheap Thrills,Sia Ft. Sean Paul,Just Dance 2017,Pop / Dance-Pop,Inglés,2,1,cheapthrills_pc.ipk,2017,CheapThrills
Cola Song,INNA Ft. J Balvin,Just Dance 2017,Infantil,Español,1,4,colasongalt_pc.ipk,2017,ColaSongALT
Cola Song,INNA Ft. J Balvin,Just Dance 2017,Infantil,Español,2,1,colasong_pc.ipk,2017,ColaSong
DADDY,PSY Ft. CL of 2NE1,Just Dance 2017,K-Pop,Coreano,2,2,daddyalt_pc.ipk,2017,DaddyALT
DADDY,PSY Ft. CL of 2NE1,Just Dance 2017,K-Pop,Coreano,3,3,daddy_pc.ipk,2017,Daddy
Don't Let Me Down,The Chainsmokers Ft. Daya,Just Dance 2017,Dance / Electrónica,Inglés,1,2,dontlet_pc.ipk,2017,DontLet
Don't Stop Me Now,Queen,Just Dance 2017,Rock / Pop Rock,Inglés,2,1,dontstopmealt_pc.ipk,2017,DontStopMeALT
Don't Stop Me Now,Queen,Just Dance 2017,Rock / Pop Rock,Inglés,2,1,dontstopme_pc.ipk,2017,DontStopMe
Don't Wanna Know,Maroon 5,Just Dance 2017,Dance / Electrónica,Inglés,2,1,redmangoose_pc.ipk,2017,RedMangoose
Don't Worry,Madcon Ft. Ray Dalton,Just Dance 2017,Pop / Dance-Pop,Inglés,1,2,dontworrymadcon_pc.ipk,2017,DontWorryMadcon
Dragostea Din Tei,O-Zone,Just Dance 2017,Pop / Dance-Pop,Inglés,1,3,dragosteadintei_pc.ipk,2017,DragosteaDinTei
El Tiki,Maluma,Just Dance 2017,Pop Latino / Urbano,Español,2,3,eltikialt_pc.ipk,2017,ElTikiALT
El Tiki,Maluma,Just Dance 2017,Pop Latino / Urbano,Español,1,2,eltiki_pc.ipk,2017,ElTiki
Ghost In The Keys,Halloween Thrills,Just Dance 2017,Pop / Dance-Pop,Inglés,1,4,ghostinthekeys_pc.ipk,2017,GhostInTheKeys
Groove,Jack & Jack,Just Dance 2017,Pop / Dance-Pop,Inglés,2,2,groove_pc.ipk,2017,Groove
HandClap,Fitz and the Tantrums,Just Dance 2017,Rock / Pop Rock,Inglés,4,1,handclapfan_pc.ipk,2017,HandClapFAN
HandClap,Fitz and the Tantrums,Just Dance 2017,Rock / Pop Rock,Inglés,2,3,handclap_pc.ipk,2017,HandClap
Hips Don't Lie,Shakira Ft. Wyclef Jean,Just Dance 2017,Pop Latino / Urbano,Spanglish,1,2,hipsalt_pc.ipk,2017,HipsALT
Hips Don't Lie,Shakira Ft. Wyclef Jean,Just Dance 2017,Pop Latino / Urbano,Spanglish,2,1,hips_pc.ipk,2017,Hips
How Deep Is Your Love,Calvin Harris & Disciples,Just Dance 2017,Infantil,Inglés,1,1,howdeep_pc.ipk,2017,HowDeep
I Love Rock 'N' Roll,Fast Forward Highway,Just Dance 2017,Pop / Dance-Pop,Inglés,1,1,iloverock_pc.ipk,2017,ILoveRock
Imya 505,Vremya i Steklo,Just Dance 2017,R&B / Soul,Inglés,2,1,imya505_pc.ipk,2017,Imya505
In The Hall Of The Pixel King,Dancing Bros.,Just Dance 2017,Clásica / Instrumental,Instrumental,2,1,8bitclassical_pc.ipk,2017,8BitClassical
Into You,Ariana Grande,Just Dance 2017,Pop / Dance-Pop,Inglés,1,1,intoyou_pc.ipk,2017,IntoYou
Je Sais Pas Danser,Natoo,Just Dance 2017,Pop / Dance-Pop,Francés,1,1,natoo_pc.ipk,2017,Natoo
Juju On That Beat (TZ Anthem),Zay Hilfigerrr & Zayion McCall,Just Dance 2017,Hip-Hop / Rap,Inglés,2,2,juju_pc.ipk,2017,Juju
Karaoke Forever - Future Underworld Mix (卡拉永远OK),Alan Tam,Just Dance 2017,Hip-Hop / Rap,Inglés,2,1,karaokeforeverchn_pc.ipk,2017,KaraokeForeverCHN
La Bicicleta,Carlos Vives & Shakira,Just Dance 2017,Pop Latino / Urbano,Español,1,2,bicicleta_pc.ipk,2017,Bicicleta
Last Christmas,Santa Clones,Just Dance 2017,Pop / Dance-Pop,Inglés,1,2,lastchristmas_pc.ipk,2017,LastChristmas
Lean On,Major Lazer Ft. MØ & DJ Snake,Just Dance 2017,Dance / Electrónica,Inglés,2,1,leanonalt_pc.ipk,2017,LeanOnALT
Lean On,Major Lazer Ft. MØ & DJ Snake,Just Dance 2017,Dance / Electrónica,Inglés,2,4,leanon_pc.ipk,2017,LeanOn
Leg Song (腿之歌),LULU,Just Dance 2017,Pop / Dance-Pop,Inglés,2,1,legsongchn_pc.ipk,2017,LegSongCHN
Leila,Cheb Salama,Just Dance 2017,Pop / Dance-Pop,Inglés,2,1,leila_pc.ipk,2017,Leila
Let Me Love You,DJ Snake Ft. Justin Bieber,Just Dance 2017,Dance / Electrónica,Inglés,2,2,blackmamba_pc.ipk,2017,BlackMamba
Like I Would,Zayn,Just Dance 2017,Pop / Dance-Pop,Inglés,2,1,likeiwould_pc.ipk,2017,LikeIWould
Little Swing,AronChupa Ft. Little Sis Nora,Just Dance 2017,Dance / Electrónica,Inglés,2,2,littleswing_pc.ipk,2017,LittleSwing
Me Too,Meghan Trainor,Just Dance 2017,Pop / Dance-Pop,Inglés,1,1,metoo_pc.ipk,2017,MeToo
Oishii Oishii,Wanko Ni Mero Mero,Just Dance 2017,J-Pop,Japonés,1,2,oishii_pc.ipk,2017,Oishii
Ona Tańczy Dla Mnie,Weekend,Just Dance 2017,Pop / Dance-Pop,Inglés,2,2,onatanczydlamnie_pc.ipk,2017,OnaTanczyDlaMnie
PoPiPo,Hatsune Miku,Just Dance 2017,Pop / Dance-Pop,Inglés,1,3,popipo_pc.ipk,2017,PoPiPo
RADICAL,Dyro & Dannic,Just Dance 2017,Pop / Dance-Pop,Inglés,2,2,radicalalt_pc.ipk,2017,RadicalALT
RADICAL,Dyro & Dannic,Just Dance 2017,Pop / Dance-Pop,Inglés,2,1,radical_pc.ipk,2017,Radical
Run The Night,Gigi Rowe,Just Dance 2017,Pop / Dance-Pop,Inglés,3,1,runthenight_pc.ipk,2017,RunTheNight
Scream & Shout,will.i.am Ft. Britney Spears,Just Dance 2017,Hip-Hop / Rap,Inglés,4,1,screamnshoutalt_pc.ipk,2017,ScreamNShoutALT
Scream & Shout,will.i.am Ft. Britney Spears,Just Dance 2017,Hip-Hop / Rap,Inglés,3,4,screamnshout_pc.ipk,2017,ScreamNShout
September,Equinox Stars,Just Dance 2017,Disco / Funk,Inglés,2,1,septemberalt_pc.ipk,2017,SeptemberALT
September,Equinox Stars,Just Dance 2017,Disco / Funk,Inglés,2,3,september_pc.ipk,2017,September
Single Ladies (Put a Ring on It),Beyoncé,Just Dance 2017,R&B / Soul,Inglés,1,1,singleladies_pc.ipk,2017,SingleLadies
Sorry,Justin Bieber,Just Dance 2017,Pop / Dance-Pop,Inglés,4,3,sorryaltbeta_pc.ipk,2017,SorryALTBETA
Sorry,Justin Bieber,Just Dance 2017,Pop / Dance-Pop,Inglés,4,1,sorryalt_pc.ipk,2017,SorryALT
Sorry,Justin Bieber,Just Dance 2017,Pop / Dance-Pop,Inglés,2,1,sorry_pc.ipk,2017,Sorry
Te Dominar,Daya Luz,Just Dance 2017,Pop / Dance-Pop,Inglés,2,3,tedominar_pc.ipk,2017,TeDominar
The Greatest,Sia,Just Dance 2017,Pop / Dance-Pop,Inglés,1,1,thegreatest_pc.ipk,2017,TheGreatest
Tico-Tico no Fubá,The Frankie Bostello Orchestra,Just Dance 2017,Clásica / Instrumental,Inglés,2,2,ticotico_pc.ipk,2017,TicoTico
Titanium,David Guetta Ft. Sia,Just Dance 2017,Dance / Electrónica,Inglés,2,3,titaniumalt_pc.ipk,2017,TitaniumALT
Titanium,David Guetta Ft. Sia,Just Dance 2017,Dance / Electrónica,Inglés,2,1,titanium_pc.ipk,2017,Titanium
Wake Me Up Before You Go-Go,Wham!,Just Dance 2017,Dance / Electrónica,Inglés,1,2,wakemeupalt_pc.ipk,2017,WakeMeUpALT
Watch Me (Whip/ Nae Nae),Silentó,Just Dance 2017,Pop / Dance-Pop,Inglés,1,4,naenaealt_pc.ipk,2017,NaeNaeALT
Watch Me (Whip/ Nae Nae),Silentó,Just Dance 2017,Pop / Dance-Pop,Inglés,1,4,naenae_pc.ipk,2017,NaeNae
What Is Love,Haddaway,Just Dance 2017,Dance / Electrónica,Inglés,2,2,whatislovealt_pc.ipk,2017,WhatIsLoveALT
What Is Love,Haddaway,Just Dance 2017,Dance / Electrónica,Inglés,2,1,whatislove_pc.ipk,2017,WhatIsLove
Wherever I Go,OneRepublic,Just Dance 2017,Pop / Dance-Pop,Inglés,1,1,whereverigo_pc.ipk,2017,WhereverIGo
Worth It,Fifth Harmony Ft. Kid Ink,Just Dance 2017,Pop / Dance-Pop,Inglés,4,4,worthitalt_pc.ipk,2017,WorthItALT
Worth It,Fifth Harmony Ft. Kid Ink,Just Dance 2017,Pop / Dance-Pop,Inglés,3,1,worthit_pc.ipk,2017,WorthIt
YOUTH,Troye Sivan,Just Dance 2017,Pop / Dance-Pop,Inglés,1,1,youth_pc.ipk,2017,Youth
24K Magic,Bruno Mars,Just Dance 2018,R&B / Soul,Inglés,4,1,24kalt_pc.ipk,2018,24KALT
24K Magic,Bruno Mars,Just Dance 2018,R&B / Soul,Inglés,1,2,24k_pc.ipk,2018,24K
All You Gotta Do,The Just Dance Band,Just Dance 2018,Pop / Dance-Pop,Inglés,1,1,allyougottavip_pc.ipk,2018,AllYouGottaVIP
All You Gotta Do,The Just Dance Band,Just Dance 2018,Pop / Dance-Pop,Inglés,1,1,allyougotta_pc.ipk,2018,AllYouGotta
Another One Bites The Dust,Queen,Just Dance 2018,Rock / Pop Rock,Inglés,3,1,anotheronealt_pc.ipk,2018,AnotherOneALT
Another One Bites The Dust,Queen,Just Dance 2018,Rock / Pop Rock,Inglés,1,4,anotherone_pc.ipk,2018,AnotherOne
Automaton,Jamiroquai,Just Dance 2018,Pop / Dance-Pop,Inglés,2,1,automatonaltretake_pc.ipk,2018,AutomatonALTRetake
Automaton,Jamiroquai,Just Dance 2018,Pop / Dance-Pop,Inglés,2,1,automaton_pc.ipk,2018,Automaton
Bad Liar,Selena Gomez,Just Dance 2018,Pop / Dance-Pop,Inglés,1,1,badliar_pc.ipk,2018,BadLiar
Beep Beep I'm a Sheep,LilDeuceDeuce ft. Black Gryph0n & TomSka,Just Dance 2018,Pop / Dance-Pop,Inglés,1,1,beepbeep_pc.ipk,2018,BeepBeep
Blow Your Mind (Mwah),Dua Lipa,Just Dance 2018,Pop / Dance-Pop,Inglés,2,1,blowyourmind_pc.ipk,2018,BlowYourMind
Blue (Da Ba Dee),Eiffel 65,Just Dance 2018,Dance / Electrónica,Inglés,1,1,blue_pc.ipk,2018,Blue
Boom Boom,Iggy Azalea Ft. Zedd,Just Dance 2018,Dance / Electrónica,Inglés,3,3,copperhead_pc.ipk,2018,Copperhead
Bubble Pop!,HyunA,Just Dance 2018,K-Pop,Coreano,1,4,bubblepopalt_pc.ipk,2018,BubblePopALT
Bubble Pop!,HyunA,Just Dance 2018,K-Pop,Coreano,2,3,bubblepop_pc.ipk,2018,BubblePop
Carmen (Ouverture),The Just Dance Orchestra,Just Dance 2018,Clásica / Instrumental,Inglés,1,2,carmen_pc.ipk,2018,Carmen
Chantaje,Shakira ft. Maluma,Just Dance 2018,Pop Latino / Urbano,Spanglish,2,3,chantajealt_pc.ipk,2018,ChantajeALT
Chantaje,Shakira ft. Maluma,Just Dance 2018,Pop Latino / Urbano,Spanglish,2,2,chantaje_pc.ipk,2018,Chantaje
Daddy Cool,Boney M,Just Dance 2018,K-Pop,Coreano,1,1,daddycool_pc.ipk,2018,DaddyCool
Dame Tu Cosita,El Chombo Ft. Cutty Ranks,Just Dance 2018,Pop / Dance-Pop,Inglés,1,1,dametu_pc.ipk,2018,DameTu
Despacito,Luis Fonsi & Daddy Yankee,Just Dance 2018,Pop Latino / Urbano,Spanglish,4,1,despacitoalt_pc.ipk,2018,DespacitoALT
Despacito,Luis Fonsi & Daddy Yankee,Just Dance 2018,Pop Latino / Urbano,Spanglish,1,4,despacito_pc.ipk,2018,Despacito
Dharma,Headhunterz & KSHMR,Just Dance 2018,Pop / Dance-Pop,Inglés,3,2,dharmaalt_pc.ipk,2018,DharmaALT
Dharma,Headhunterz & KSHMR,Just Dance 2018,Pop / Dance-Pop,Inglés,2,1,dharma_pc.ipk,2018,Dharma
Diggy,Spencer Ludwig,Just Dance 2018,Pop / Dance-Pop,Inglés,2,1,diggy_pc.ipk,2018,Diggy
Error,Natalia Nykiel,Just Dance 2018,Pop / Dance-Pop,Inglés,2,1,error_pc.ipk,2018,Error
Feel It Still,Portugal. The Man,Just Dance 2018,Rock / Pop Rock,Inglés,2,1,feelit_pc.ipk,2018,FeelIt
Fight Club,Lights,Just Dance 2018,Pop / Dance-Pop,Inglés,2,1,sidewinder_pc.ipk,2018,Sidewinder
Footloose,Top Culture,Just Dance 2018,Banda Sonora / Musical,Inglés,2,1,footloose_pc.ipk,2018,Footloose
Got That,Gigi Rowe,Just Dance 2018,Pop / Dance-Pop,Inglés,1,1,gotthat_pc.ipk,2018,GotThat
How Far I'll Go,Disney's Moana,Just Dance 2018,Banda Sonora / Musical,Inglés,2,1,howfar_pc.ipk,2018,HowFar
In The Hall Of The Pixel King,Dancing Bros.,Just Dance 2018,Clásica / Instrumental,Instrumental,2,1,8bitretake_pc.ipk,2018,8BitRetake
Instruction,Jax Jones ft. Demi Lovato & Stefflon Don,Just Dance 2018,Pop / Dance-Pop,Inglés,1,1,instruction_pc.ipk,2018,Instruction
Itsy Bitsy Teenie Weenie,The Sunlight Shakers,Just Dance 2018,Pop / Dance-Pop,Inglés,1,2,itsybitsyretake_pc.ipk,2018,ItsyBitsyRetake
J'Suis Pas Jalouse,Andy,Just Dance 2018,Pop / Dance-Pop,Inglés,1,2,andy_pc.ipk,2018,Andy
John Wayne,Lady Gaga,Just Dance 2018,Pop / Dance-Pop,Inglés,4,1,johnwalt_pc.ipk,2018,JohnWALT
John Wayne,Lady Gaga,Just Dance 2018,Pop / Dance-Pop,Inglés,1,1,johnw_pc.ipk,2018,JohnW
Just Mario,Ubisoft meets Nintendo,Just Dance 2018,Pop / Dance-Pop,Inglés,3,1,marionx_pc.ipk,2018,MarioNX
Keep On Moving,Michelle Delamor,Just Dance 2018,Pop / Dance-Pop,Inglés,2,1,keepon_pc.ipk,2018,KeepOn
Kissing Strangers,DNCE ft. Nicki Minaj,Just Dance 2018,Rock / Pop Rock,Inglés,3,2,kissingstrangersalt_pc.ipk,2018,KissingStrangersALT
Kissing Strangers,DNCE ft. Nicki Minaj,Just Dance 2018,Rock / Pop Rock,Inglés,2,2,kissingstrangers_pc.ipk,2018,KissingStrangers
Love Ward,Hatsune Miku,Just Dance 2018,Pop / Dance-Pop,Inglés,3,3,loveward_pc.ipk,2018,LoveWard
Make It Jingle,Big Freedia,Just Dance 2018,Rock / Pop Rock,Inglés,1,1,makeitjingle_pc.ipk,2018,MakeItJingle
Mi Gente,"J Balvin, Willy William",Just Dance 2018,Infantil,Inglés,2,3,migente_pc.ipk,2018,MiGente
Naughty Girl,Beyoncé,Just Dance 2018,R&B / Soul,Inglés,1,1,naughtygirlalt_pc.ipk,2018,NaughtyGirlALT
Naughty Girl,Beyoncé,Just Dance 2018,R&B / Soul,Inglés,3,1,naughtygirl_pc.ipk,2018,NaughtyGirl
New Face,PSY,Just Dance 2018,K-Pop,Coreano,2,3,newface_pc.ipk,2018,NewFace
No Lie,Sean Paul Ft. Dua Lipa,Just Dance 2018,Pop / Dance-Pop,Inglés,2,2,nolie_pc.ipk,2018,NoLie
Risky Business,Jorge Blanco,Just Dance 2018,Pop / Dance-Pop,Inglés,2,1,riskybusiness_pc.ipk,2018,RiskyBusiness
Rockabye,Clean Bandit ft. Sean Paul & Anne-Marie,Just Dance 2018,Dance / Electrónica,Inglés,1,2,rockabye_pc.ipk,2018,Rockabye
Sax,Fleur East,Just Dance 2018,Pop / Dance-Pop,Inglés,2,3,sax_pc.ipk,2018,Sax
Sayonara,Wanko Ni Mero Mero,Just Dance 2018,J-Pop,Japonés,3,1,sayonararetake_pc.ipk,2018,SayonaraRetake
Shape Of You,Ed Sheeran,Just Dance 2018,Pop / Dance-Pop,Inglés,1,1,shapeofyou_pc.ipk,2018,ShapeOfYou
Side To Side,Ariana Grande ft. Nicki Minaj,Just Dance 2018,Hip-Hop / Rap,Inglés,2,1,sidetoalt_pc.ipk,2018,SideToALT
Side To Side,Ariana Grande ft. Nicki Minaj,Just Dance 2018,Hip-Hop / Rap,Inglés,1,1,sideto_pc.ipk,2018,SideTo
Slumber Party,Britney Spears ft. Tinashe,Just Dance 2018,Hip-Hop / Rap,Inglés,1,4,slumberparty_pc.ipk,2018,SlumberParty
Sugar Dance,The Just Dance Band,Just Dance 2018,Pop / Dance-Pop,Inglés,1,1,sugardance_pc.ipk,2018,SugarDance
Sun,Demo,Just Dance 2018,Pop / Dance-Pop,Inglés,2,1,sun_pc.ipk,2018,Sun
Swish Swish,Katy Perry ft. Nicki Minaj,Just Dance 2018,Hip-Hop / Rap,Inglés,2,4,swishswish_pc.ipk,2018,SwishSwish
Tamta Dziewczyna,Sylwia Grzeszczak,Just Dance 2018,Pop / Dance-Pop,Inglés,2,1,thatgirl_pc.ipk,2018,ThatGirl
The Way I Are (Dance With Somebody),Bebe Rexha ft. Lil Wayne,Just Dance 2018,Hip-Hop / Rap,Inglés,2,2,cottonmouth_pc.ipk,2018,Cottonmouth
Thumbs,Sabrina Carpenter,Just Dance 2018,Pop / Dance-Pop,Inglés,2,1,thumbs_pc.ipk,2018,Thumbs
Tumbum,Yemi Alade,Just Dance 2018,Pop / Dance-Pop,Inglés,4,1,tumbumalt_pc.ipk,2018,TumBumALT
Tumbum,Yemi Alade,Just Dance 2018,Pop / Dance-Pop,Inglés,1,4,tumbum_pc.ipk,2018,TumBum
Waka Waka (This Time For Africa),Shakira,Just Dance 2018,Pop / Dance-Pop,Spanglish,1,4,wakawakaalt_pc.ipk,2018,WakaWakaALT
Waka Waka (This Time For Africa),Shakira,Just Dance 2018,Pop / Dance-Pop,Spanglish,1,3,wakawaka_pc.ipk,2018,WakaWaka
What Lovers Do,Maroon 5 ft. SZA,Just Dance 2018,R&B / Soul,Inglés,2,2,whatloversdo_pc.ipk,2018,WhatLoversDo
A Little Party Never Killed Nobody (All We Got),"Fergie Ft. Q-Tip, GoonRock",Just Dance 2019,Rock / Pop Rock,Inglés,3,3,littlepartyalt_pc.ipk,2019,LittlePartyALT
A Little Party Never Killed Nobody (All We Got),"Fergie Ft. Q-Tip, GoonRock",Just Dance 2019,Rock / Pop Rock,Inglés,1,1,littleparty_pc.ipk,2019,LittleParty
Adeyyo,Ece Seçkin,Just Dance 2019,Pop / Dance-Pop,Inglés,1,1,adeyyo_pc.ipk,2019,Adeyyo
Bang Bang Bang,BIGBANG,Just Dance 2019,K-Pop,Coreano,4,1,bang2019alt_pc.ipk,2019,Bang2019ALT
Bang Bang Bang,BIGBANG,Just Dance 2019,K-Pop,Coreano,4,1,bang2019vip_pc.ipk,2019,Bang2019VIP
Bang Bang Bang,BIGBANG,Just Dance 2019,K-Pop,Coreano,3,3,bang2019_pc.ipk,2019,Bang2019
BBoom BBoom,MOMOLAND,Just Dance 2019,K-Pop,Coreano,3,3,bboombboom_pc.ipk,2019,BBoomBBoom
Boogiesaurus,A. Caveman & The Backseats,Just Dance 2019,Pop / Dance-Pop,Inglés,1,1,jurassickids_pc.ipk,2019,JurassicKids
Boys,Lizzo,Just Dance 2019,Pop / Dance-Pop,Inglés,1,1,boys_pc.ipk,2019,Boys
Bum Bum Tam Tam,"Mc Fioti, Future, J Balvin, Stefflon Don, Juan Magan",Just Dance 2019,Infantil,Portugués,1,2,bumbumtamtamalt_pc.ipk,2019,BumBumTamTamALT
Bum Bum Tam Tam,"Mc Fioti, Future, J Balvin, Stefflon Don, Juan Magan",Just Dance 2019,Infantil,Portugués,2,2,bumbumtamtam_pc.ipk,2019,BumBumTamTam
Calypso,Luis Fonsi Ft. Stefflon Don,Just Dance 2019,Pop Latino / Urbano,Spanglish,1,1,calypso_pc.ipk,2019,Calypso
Cosmic Party,Equinox Stars,Just Dance 2019,Pop / Dance-Pop,Inglés,2,1,spacegirlkids_pc.ipk,2019,SpaceGirlKids
Criminal,Natti Natasha & Ozuna,Just Dance 2019,Pop Latino / Urbano,Español,1,2,criminal_pc.ipk,2019,Criminal
DDU-DU DDU-DU,BLACKPINK,Just Dance 2019,K-Pop,Coreano,3,4,ddudu_pc.ipk,2019,DDUDU
Done For Me,Charlie Puth ft. Kehlani,Just Dance 2019,R&B / Soul,Inglés,2,2,doneforme_pc.ipk,2019,DoneForMe
Familiar,Liam Payne & J Balvin,Just Dance 2019,Infantil,Español,1,1,familiar_pc.ipk,2019,Familiar
Finesse (Remix),Bruno Mars Ft. Cardi B,Just Dance 2019,Hip-Hop / Rap,Inglés,4,1,finessealt_pc.ipk,2019,FinesseALT
Finesse (Remix),Bruno Mars Ft. Cardi B,Just Dance 2019,Hip-Hop / Rap,Inglés,1,4,finesse_pc.ipk,2019,Finesse
Fire,LLP Ft. Mike Diamondz,Just Dance 2019,Pop / Dance-Pop,Inglés,2,2,fire_pc.ipk,2019,Fire
Fire On The Floor,Michelle Delamor,Just Dance 2019,Pop / Dance-Pop,Inglés,2,1,fireonthedancefloor_pc.ipk,2019,FireOnTheDancefloor
Friendly Phantom,Halloween Thrills,Just Dance 2019,Pop / Dance-Pop,Inglés,1,2,ghostkids_pc.ipk,2019,GhostKids
Hala Bel Khamis,Maan Barghouth,Just Dance 2019,Pop / Dance-Pop,Inglés,1,1,halabel_pc.ipk,2019,HalaBel
Havana,Camila Cabello,Just Dance 2019,Pop / Dance-Pop,Spanglish,3,2,havanaalt_pc.ipk,2019,HavanaALT
Havana,Camila Cabello,Just Dance 2019,Pop / Dance-Pop,Spanglish,1,1,havana_pc.ipk,2019,Havana
I Feel It Coming,The Weeknd Ft. Daft Punk,Just Dance 2019,Rock / Pop Rock,Inglés,1,1,ifeelitcoming_pc.ipk,2019,IFeelItComing
I'm Still Standing,Elton John,Just Dance 2019,Pop / Dance-Pop,Inglés,1,1,imstillstanding_pc.ipk,2019,ImStillStanding
Irish Meadow Dance,O'Callaghan's Orchestra,Just Dance 2019,J-Pop,Japonés,2,2,saintpatrickkids_pc.ipk,2019,SaintPatrickKids
Jingle Bells,Santa Clones,Just Dance 2019,Pop / Dance-Pop,Inglés,1,2,merrychristmaskids_pc.ipk,2019,MerryChristmasKids
Jump,Major Lazer Ft. Busy Signal,Just Dance 2019,Dance / Electrónica,Inglés,2,2,jumpmala_pc.ipk,2019,JumpMaLa
Lush Life,Zara Larsson,Just Dance 2019,Pop / Dance-Pop,Inglés,1,1,lush_pc.ipk,2019,Lush
Mad Love,"Sean Paul, David Guetta Ft. Becky G",Just Dance 2019,Dance / Electrónica,Spanglish,4,1,madlovealt_pc.ipk,2019,MadLoveALT
Mad Love,"Sean Paul, David Guetta Ft. Becky G",Just Dance 2019,Dance / Electrónica,Spanglish,2,2,madlove_pc.ipk,2019,MadLove
Make Me Feel,Janelle Monáe,Just Dance 2019,R&B / Soul,Inglés,1,1,makemefeel_pc.ipk,2019,MakeMeFeel
Mama Mia,Mayra Verónica,Just Dance 2019,Pop / Dance-Pop,Inglés,1,2,mamamia_pc.ipk,2019,MamaMia
Mayores,"Becky G, Bad Bunny",Just Dance 2019,Pop Latino / Urbano,Spanglish,2,1,mayores_pc.ipk,2019,Mayores
Medicina,Anitta,Just Dance 2019,Pop Latino / Urbano,Portugués,4,1,medicinaalt_pc.ipk,2019,MedicinaALT
Medicina,Anitta,Just Dance 2019,Pop Latino / Urbano,Portugués,2,4,medicina_pc.ipk,2019,Medicina
Mi Mi Mi,Serebro,Just Dance 2019,Pop / Dance-Pop,Inglés,1,4,mimimialt_pc.ipk,2019,MiMiMiALT
Mi Mi Mi,Serebro,Just Dance 2019,Pop / Dance-Pop,Inglés,1,2,mimimi_pc.ipk,2019,MiMiMi
Milosc W Zakopanem,Slawomir,Just Dance 2019,Pop / Dance-Pop,Inglés,2,1,miloscw_pc.ipk,2019,MiloscW
Monsters Of Jazz,Groove Century,Just Dance 2019,Hip-Hop / Rap,Inglés,1,1,monstersacademykids_pc.ipk,2019,MonstersAcademyKids
Narco,Blasterjaxx & Timmy Trumpet,Just Dance 2019,Dance / Electrónica,Inglés,2,1,narco_pc.ipk,2019,Narco
New Reality,Gigi Rowe,Just Dance 2019,Rock / Pop Rock,Inglés,2,1,newrealityvip_pc.ipk,2019,NewRealityVIP
New Reality,Gigi Rowe,Just Dance 2019,Rock / Pop Rock,Inglés,3,1,newreality_pc.ipk,2019,NewReality
New Rules,Dua Lipa,Just Dance 2019,Pop / Dance-Pop,Inglés,4,1,newrulesalt_pc.ipk,2019,NewRulesALT
New Rules,Dua Lipa,Just Dance 2019,Pop / Dance-Pop,Inglés,1,1,newrules_pc.ipk,2019,NewRules
New World,"Krewella, Yellow Claw Ft. Vava",Just Dance 2019,Pop / Dance-Pop,Inglés,3,1,newworld_pc.ipk,2019,NewWorld
Nice For What,Drake,Just Dance 2019,Hip-Hop / Rap,Inglés,1,1,niceforwhatretake_pc.ipk,2019,NiceForWhatRetake
No Tears Left To Cry,Ariana Grande,Just Dance 2019,Pop / Dance-Pop,Inglés,1,1,notearsleft_pc.ipk,2019,NoTearsLeft
Not Your Ordinary,Stella Mwangi,Just Dance 2019,Pop / Dance-Pop,Inglés,2,4,notyourordinary_pc.ipk,2019,NotYourOrdinary
Obsesión,Aventura,Just Dance 2019,Pop Latino / Urbano,Español,2,2,obsessionretake_pc.ipk,2019,ObsessionRetake
OMG,Arash Ft. Snoop Dogg,Just Dance 2019,K-Pop,Coreano,4,1,omgalt_pc.ipk,2019,OMGALT
OMG,Arash Ft. Snoop Dogg,Just Dance 2019,K-Pop,Coreano,3,3,omg_pc.ipk,2019,OMG
On Ne Porte Pas De Sous-Vêtements,McFly & Carlito,Just Dance 2019,Rock / Pop Rock,Inglés,1,2,onneportepas_pc.ipk,2019,OnNePortePas
One Kiss,"Calvin Harris, Dua Lipa",Just Dance 2019,Infantil,Inglés,2,1,onekiss_pc.ipk,2019,OneKiss
Pac-Man,Dancing Bros.,Just Dance 2019,Pop / Dance-Pop,Inglés,1,4,pacman_pc.ipk,2019,PacMan
Peanut Butter Jelly,Galantis,Just Dance 2019,K-Pop,Coreano,2,3,peanut_pc.ipk,2019,Peanut
Rave In The Grave,AronChupa Ft. Little Sis Nora,Just Dance 2019,Dance / Electrónica,Inglés,2,4,ravein_pc.ipk,2019,RaveIn
Rhythm Of The Night,Ultraclub 90,Just Dance 2019,Pop / Dance-Pop,Inglés,1,1,rhythm_pc.ipk,2019,Rhythm
Sangria Wine,Pharrell Williams x Camila Cabello,Just Dance 2019,Pop / Dance-Pop,Inglés,1,1,sangriawine_pc.ipk,2019,SangriaWine
Shaky Shaky,Daddy Yankee,Just Dance 2019,K-Pop,Coreano,1,1,shaky_pc.ipk,2019,Shaky
Shinobi Cat,Glorious Black Belts,Just Dance 2019,Pop / Dance-Pop,Inglés,1,1,ninjakids_pc.ipk,2019,NinjaKids
Sugar,Maroon 5,Just Dance 2019,Pop / Dance-Pop,Inglés,1,2,sugar_pc.ipk,2019,Sugar
Sweet Little Unforgettable Thing,Bea Miller,Just Dance 2019,Rock / Pop Rock,Inglés,1,1,sweetlittle_pc.ipk,2019,SweetLittle
Sweet Sensation,Flo Rida,Just Dance 2019,Hip-Hop / Rap,Inglés,1,4,sweetsensation_pc.ipk,2019,SweetSensation
Swish Swish,Katy Perry ft. Nicki Minaj,Just Dance 2019,Hip-Hop / Rap,Inglés,4,2,swishswishalt_pc.ipk,2019,SwishSwishALT
Tales Of The Desert,Persian Nights,Just Dance 2019,Pop / Dance-Pop,Inglés,1,1,theexplorerkids_pc.ipk,2019,TheExplorerKids
There Is Nothing Better In The World (Ничего на свете лучше нету),Bremenskiye Muzykanty,Just Dance 2019,Pop / Dance-Pop,Inglés,1,4,bremen_pc.ipk,2019,Bremen
TOY,Netta,Just Dance 2019,Pop / Dance-Pop,Inglés,2,1,toy_pc.ipk,2019,TOY
Un Poco Loco,Disney•Pixar's Coco,Just Dance 2019,Banda Sonora / Musical,Spanglish,1,1,pocoloco_pc.ipk,2019,PocoLoco
Water Me,Lizzo,Just Dance 2019,Pop / Dance-Pop,Inglés,2,2,watermealt_pc.ipk,2019,WaterMeALT
Water Me,Lizzo,Just Dance 2019,Pop / Dance-Pop,Inglés,1,1,waterme_pc.ipk,2019,WaterMe
Where Are You Now?,Lady Leshurr Ft. Wiley,Just Dance 2019,Pop / Dance-Pop,Inglés,2,2,whereareyoualt_pc.ipk,2019,WhereAreYouALT
Where Are You Now?,Lady Leshurr Ft. Wiley,Just Dance 2019,Pop / Dance-Pop,Inglés,2,3,whereareyou_pc.ipk,2019,WhereAreYou
Work Work,Britney Spears,Just Dance 2019,Pop / Dance-Pop,Inglés,4,1,workworkalt_pc.ipk,2019,WorkWorkALT
Work Work,Britney Spears,Just Dance 2019,Pop / Dance-Pop,Inglés,2,3,workwork_pc.ipk,2019,WorkWork
You Don't Know Me,Jax Jones Ft. RAYE,Just Dance 2019,R&B / Soul,Inglés,1,1,dontknowme_pc.ipk,2019,DontKnowMe
Ça Plane Pour Moi,Bob Platine,Just Dance 2019,Pop / Dance-Pop,Francés,2,1,caplane_pc.ipk,2019,CaPlane
10.000 Luchtballonnen,K3,Just Dance 2020,Pop / Dance-Pop,Holandés,1,3,10000lucht_pc.ipk,2020,10000Lucht
1999,Charli XCX & Troye Sivan,Just Dance 2020,Pop / Dance-Pop,Inglés,2,2,1999_pc.ipk,2020,1999
365,Zedd & Katy Perry,Just Dance 2020,Dance / Electrónica,Inglés,1,1,365_pc.ipk,2020,365
7 rings,Ariana Grande,Just Dance 2020,Pop / Dance-Pop,Inglés,4,1,7ringsalt_pc.ipk,2020,7RingsALT
7 rings,Ariana Grande,Just Dance 2020,Pop / Dance-Pop,Inglés,2,3,7rings_pc.ipk,2020,7Rings
Always Look On The Bright Side Of Life,The Frankie Bostello Orchestra,Just Dance 2020,Clásica / Instrumental,Inglés,1,4,alwayslookon_pc.ipk,2020,AlwaysLookOn
Baby Shark,Pinkfong,Just Dance 2020,Infantil,Inglés,1,2,babyshark_pc.ipk,2020,BabyShark
Bad Boy,Riton & Kah-Lo,Just Dance 2020,Pop / Dance-Pop,Inglés,1,2,badboy_pc.ipk,2020,BadBoy
bad guy,Billie Eilish,Just Dance 2020,Pop / Dance-Pop,Inglés,4,1,badguyalt_pc.ipk,2020,BadGuyALT
bad guy,Billie Eilish,Just Dance 2020,Pop / Dance-Pop,Inglés,1,1,badguy_pc.ipk,2020,BadGuy
Bangarang,Skrillex Ft. Sirah,Just Dance 2020,Dance / Electrónica,Inglés,4,1,bangarangalt_pc.ipk,2020,BangarangALT
Bangarang,Skrillex Ft. Sirah,Just Dance 2020,Dance / Electrónica,Inglés,2,1,bangarang_pc.ipk,2020,Bangarang
Bassa Sababa,Netta,Just Dance 2020,Pop / Dance-Pop,Inglés,1,1,bassasababa_pc.ipk,2020,BassaSababa
Boy With Luv,BTS Ft. Halsey,Just Dance 2020,K-Pop,Coreano,3,3,boywithluv_pc.ipk,2020,BoyWithLuv
Boys,Lizzo,Just Dance 2020,Pop / Dance-Pop,Inglés,3,1,boysalt_pc.ipk,2020,BoysALT
Con Altura,ROSALÍA & J Balvin Ft. El Guincho,Just Dance 2020,Infantil,Spanglish,2,1,conaltura_pc.ipk,2020,ConAltura
Con Calma,Daddy Yankee Ft. Snow,Just Dance 2020,Pop Latino / Urbano,Spanglish,2,2,concalma_pc.ipk,2020,ConCalma
Crayon,G-Dragon,Just Dance 2020,Pop / Dance-Pop,Inglés,2,1,crayon_pc.ipk,2020,Crayon
Djadja,Aya Nakamura,Just Dance 2020,Pop / Dance-Pop,Francés,1,1,djadja_pc.ipk,2020,DjaDja
Don't Call Me Up,Mabel,Just Dance 2020,Pop / Dance-Pop,Inglés,2,1,dontcall_pc.ipk,2020,DontCall
Everybody (Backstreet's Back),Millennium Alert,Just Dance 2020,Pop / Dance-Pop,Inglés,1,4,everybody_pc.ipk,2020,Everybody
FANCY,TWICE,Just Dance 2020,K-Pop,Coreano,2,3,fancytwice_pc.ipk,2020,FancyTwice
Fancy Footwork,Chromeo,Just Dance 2020,K-Pop,Coreano,3,1,footwork_pc.ipk,2020,Footwork
Fit But You Know It,The Streets,Just Dance 2020,Pop / Dance-Pop,Inglés,1,1,fitbutyouknow_pc.ipk,2020,FitButYouKnow
Freeze Please,The Just Dance School,Just Dance 2020,Rock / Pop Rock,Inglés,1,2,freezekids_pc.ipk,2020,FreezeKids
Get Busy,KOYOTIE,Just Dance 2020,Pop / Dance-Pop,Inglés,2,2,getbusy_pc.ipk,2020,GetBusy
God Is A Woman,Ariana Grande,Just Dance 2020,Pop / Dance-Pop,Inglés,2,1,godisawomanalt_pc.ipk,2020,GodIsAWomanALT
God Is A Woman,Ariana Grande,Just Dance 2020,Pop / Dance-Pop,Inglés,1,1,godisawoman_pc.ipk,2020,GodIsAWoman
Happy Birthday,Top Culture,Just Dance 2020,Pop / Dance-Pop,Inglés,1,1,birthdaykids_pc.ipk,2020,BirthdayKids
High Hopes,Panic! At The Disco,Just Dance 2020,Rock / Pop Rock,Inglés,2,4,highhopes_pc.ipk,2020,HighHopes
Hype,Dizzee Rascal & Calvin Harris,Just Dance 2020,Infantil,Inglés,3,1,hype_pc.ipk,2020,Hype
I Am The Best,2NE1,Just Dance 2020,K-Pop,Coreano,4,1,iamthebestalt_pc.ipk,2020,IAmTheBestALT
I Am The Best,2NE1,Just Dance 2020,K-Pop,Coreano,3,3,iamthebest_pc.ipk,2020,IAmTheBest
I Don't Care,Ed Sheeran & Justin Bieber,Just Dance 2020,Pop / Dance-Pop,Inglés,1,1,idontcare_pc.ipk,2020,IDontCare
I Like It,"Cardi B, Bad Bunny & J Balvin",Just Dance 2020,Infantil,Spanglish,2,3,ilikeit_pc.ipk,2020,ILikeIt
Infernal Galop (Can-Can),The Just Dance Orchestra,Just Dance 2020,Hip-Hop / Rap,Inglés,2,2,cancan_pc.ipk,2020,CanCan
Into The Unknown,Disney's Frozen 2,Just Dance 2020,Banda Sonora / Musical,Inglés,1,1,lullaby_pc.ipk,2020,Lullaby
Jungle Dances,The Sunlight Shakers,Just Dance 2020,Pop / Dance-Pop,Inglés,1,1,adventurerkids_pc.ipk,2020,AdventurerKids
Just An Illusion,Equinox Stars,Just Dance 2020,Pop / Dance-Pop,Inglés,2,2,justanillusion_pc.ipk,2020,JustAnIllusion
Keep In Touch,JD McCrary,Just Dance 2020,Pop / Dance-Pop,Inglés,2,1,keepintouch_pc.ipk,2020,KeepInTouch
Kill This Love,BLACKPINK,Just Dance 2020,K-Pop,Coreano,4,1,killthislovealt_pc.ipk,2020,KillThisLoveALT
Kill This Love,BLACKPINK,Just Dance 2020,K-Pop,Coreano,3,4,killthislove_pc.ipk,2020,KillThisLove
Kitchen Kittens,Cooking Meow Meow,Just Dance 2020,Pop / Dance-Pop,Inglés,1,1,chefkids_pc.ipk,2020,ChefKids
La Respuesta,Becky G Ft. Maluma,Just Dance 2020,Pop Latino / Urbano,Spanglish,1,2,larespuesta_pc.ipk,2020,LaRespuesta
Le Bal Masqué,Dr. Creole,Just Dance 2020,Pop / Dance-Pop,Inglés,1,4,balmasque_pc.ipk,2020,BalMasque
MA ITŪ,Stella Mwangi,Just Dance 2020,Pop / Dance-Pop,Inglés,3,1,maitu_pc.ipk,2020,MaItu
Magical Morning,The Just Dance Orchestra,Just Dance 2020,Clásica / Instrumental,Inglés,1,1,wizardkids_pc.ipk,2020,WizardKids
Mini Yo School,Dancing Bros.,Just Dance 2020,Pop / Dance-Pop,Inglés,1,2,schoolyardkids_pc.ipk,2020,SchoolyardKids
My Friend The Dragon,The Just Dance Orchestra,Just Dance 2020,Clásica / Instrumental,Inglés,1,2,medievalkids_pc.ipk,2020,MedievalKids
My New Swag (我的新衣),VAVA Ft. Ty. & Nina Wang,Just Dance 2020,Pop / Dance-Pop,Inglés,3,1,swag_pc.ipk,2020,Swag
New World,"Krewella, Yellow Claw Ft. Vava",Just Dance 2020,Pop / Dance-Pop,Inglés,4,1,newworldalt_pc.ipk,2020,NewWorldALT
Old Town Road (Remix),Lil Nas X Ft. Billy Ray Cyrus,Just Dance 2020,Hip-Hop / Rap,Inglés,1,3,oldtownroadalt_pc.ipk,2020,OldTownRoadALT
Old Town Road (Remix),Lil Nas X Ft. Billy Ray Cyrus,Just Dance 2020,Hip-Hop / Rap,Inglés,1,1,oldtownroad_pc.ipk,2020,OldTownRoad
Panini,Lil Nas X,Just Dance 2020,Hip-Hop / Rap,Inglés,2,1,panini_pc.ipk,2020,Panini
Policeman,Eva Simons Ft. Konshens,Just Dance 2020,Pop / Dance-Pop,Inglés,2,3,policeman_pc.ipk,2020,Policeman
Princess (王妃),Jam Hsiao (萧敬腾),Just Dance 2020,R&B / Soul,Inglés,2,1,princess_pc.ipk,2020,Princess
Rain Over Me,Pitbull Ft. Marc Anthony,Just Dance 2020,Pop Latino / Urbano,Español,4,1,rainovermealt_pc.ipk,2020,RainOverMeALT
Rain Over Me,Pitbull Ft. Marc Anthony,Just Dance 2020,Pop Latino / Urbano,Español,1,1,rainoverme_pc.ipk,2020,RainOverMe
Rainbow Rhythm (彩虹节拍),"Yi Yan, Zhao Fang Jing, Suika Kune, Feizaojun (肥皂菌、易言、音阙诗听/赵方婧、西瓜Kune)",Just Dance 2020,Pop / Dance-Pop,Inglés,3,2,rainbowrhythm_pc.ipk,2020,RainbowRhythm
Skibidi,Little Big,Just Dance 2020,Rock / Pop Rock,Inglés,1,2,skibidi_pc.ipk,2020,Skibidi
Soy Yo,Bomba Estéreo,Just Dance 2020,Pop / Dance-Pop,Inglés,2,2,soyyoalt_pc.ipk,2020,SoyYoALT
Soy Yo,Bomba Estéreo,Just Dance 2020,Pop / Dance-Pop,Inglés,2,1,soyyo_pc.ipk,2020,SoyYo
Spinning (Кружит),MONATIK,Just Dance 2020,Pop / Dance-Pop,Inglés,2,2,spinning_pc.ipk,2020,Spinning
Stop Movin',Royal Republic,Just Dance 2020,Pop / Dance-Pop,Inglés,2,3,stopmovin_pc.ipk,2020,StopMovin
Sucker,Jonas Brothers,Just Dance 2020,Hip-Hop / Rap,Inglés,1,2,sucker_pc.ipk,2020,Sucker
Sushi,Merk & Kremont,Just Dance 2020,Pop / Dance-Pop,Inglés,4,1,sushiialt_pc.ipk,2020,SushiiALT
Sushi,Merk & Kremont,Just Dance 2020,Pop / Dance-Pop,Inglés,1,1,sushii_pc.ipk,2020,Sushii
Só Depois Do Carnaval,Lexa,Just Dance 2020,Pop Latino / Urbano,Portugués,2,1,docarnaval_pc.ipk,2020,DoCarnaval
Taki Taki,"DJ Snake Ft. Selena Gomez, Ozuna, Cardi B",Just Dance 2020,Pop Latino / Urbano,Spanglish,2,2,takitakialt_pc.ipk,2020,TakiTakiALT
Taki Taki,"DJ Snake Ft. Selena Gomez, Ozuna, Cardi B",Just Dance 2020,Pop Latino / Urbano,Spanglish,2,1,takitaki_pc.ipk,2020,TakiTaki
Talk,Khalid,Just Dance 2020,Pop / Dance-Pop,Inglés,4,1,talkalt_pc.ipk,2020,TalkALT
Talk,Khalid,Just Dance 2020,Pop / Dance-Pop,Inglés,1,1,talk_pc.ipk,2020,Talk
Tel Aviv,Omer Adam Ft. Arisa,Just Dance 2020,Pop / Dance-Pop,Inglés,2,3,telaviv_pc.ipk,2020,TelAviv
The Frog Concert,Groove Century,Just Dance 2020,Pop / Dance-Pop,Inglés,1,1,bandmasterkids_pc.ipk,2020,BandmasterKids
The Time (Dirty Bit),Black Eyed Peas,Just Dance 2020,Hip-Hop / Rap,Inglés,4,1,thetimealt_pc.ipk,2020,TheTimeALT
The Time (Dirty Bit),Black Eyed Peas,Just Dance 2020,Hip-Hop / Rap,Inglés,2,4,thetime_pc.ipk,2020,TheTime
Ugly Beauty (怪美的),Jolin Tsai,Just Dance 2020,C-Pop,Chino,3,1,uglybeautyalt_pc.ipk,2020,UglyBeautyALT
Ugly Beauty (怪美的),Jolin Tsai,Just Dance 2020,C-Pop,Chino,1,3,uglybeauty_pc.ipk,2020,UglyBeauty
Vodovorot,XS Project,Just Dance 2020,Pop / Dance-Pop,Inglés,3,1,vodovorot_pc.ipk,2020,Vodovorot
White Noise,Disclosure Ft. AlunaGeorge,Just Dance 2020,Dance / Electrónica,Inglés,2,1,whitenoise_pc.ipk,2020,WhiteNoise
Woman Like Me,Little Mix Ft. Nicki Minaj,Just Dance 2020,Rock / Pop Rock,Inglés,1,3,womanlikeme_pc.ipk,2020,WomanLikeMe
X (EQUIS),Nicky Jam & J Balvin,Just Dance 2020,Infantil,Español,2,2,equis_pc.ipk,2020,EQUIS
Adore You,Harry Styles,Just Dance 2021,J-Pop,Japonés,1,1,adoreyou_pc.ipk,2021,AdoreYou
Alexandrie Alexandra,Claude François,Just Dance 2021,Disco / Funk,Francés,2,3,alexandrie_pc.ipk,2021,Alexandrie
all the good girls go to hell,Billie Eilish,Just Dance 2021,Pop / Dance-Pop,Inglés,2,1,allthegoodgirls_pc.ipk,2021,AllTheGoodGirls
All The Stars,Kendrick Lamar Ft. SZA,Just Dance 2021,Hip-Hop / Rap,Inglés,2,1,allthestars_pc.ipk,2021,AllTheStars
Bailando,Paradisio Ft. Dj Patrick Samoy,Just Dance 2021,Pop Latino / Urbano,Spanglish,1,1,bailando1997_pc.ipk,2021,Bailando1997
Blinding Lights,The Weeknd,Just Dance 2021,R&B / Soul,Inglés,4,1,blindinglightsalt_pc.ipk,2021,BlindingLightsALT
Blinding Lights,The Weeknd,Just Dance 2021,R&B / Soul,Inglés,1,1,blindinglights_pc.ipk,2021,BlindingLights
"Boy, You Can Keep It",Alex Newell,Just Dance 2021,Pop / Dance-Pop,Inglés,2,1,boyyoucan_pc.ipk,2021,BoyYouCan
Buscando,GTA & Jenn Morel,Just Dance 2021,K-Pop,Coreano,4,1,buscandoalt_pc.ipk,2021,BuscandoALT
Buscando,GTA & Jenn Morel,Just Dance 2021,K-Pop,Coreano,3,1,buscando_pc.ipk,2021,Buscando
Come Back Home,2NE1,Just Dance 2021,K-Pop,Coreano,3,3,comebackhome_pc.ipk,2021,ComeBackHome
Dance Monkey,Tones And I,Just Dance 2021,Pop / Dance-Pop,Inglés,2,1,dancemonkey_pc.ipk,2021,DanceMonkey
Dance Of The Mirlitons,The Just Dance Orchestra,Just Dance 2021,Rock / Pop Rock,Inglés,1,2,balletkids_pc.ipk,2021,BalletKids
Dans van de Farao,K3,Just Dance 2021,Pop / Dance-Pop,Holandés,2,3,dansvandefarao_pc.ipk,2021,DansVanDeFarao
Dibby Dibby Sound,DJ Fresh & Jay Fay Ft. Ms Dynamite,Just Dance 2021,K-Pop,Coreano,2,2,dibbydibby_pc.ipk,2021,DibbyDibby
Don't Start Now,Dua Lipa,Just Dance 2021,Pop / Dance-Pop,Inglés,4,1,dontstartalt_pc.ipk,2021,DontStartALT
Don't Start Now,Dua Lipa,Just Dance 2021,Pop / Dance-Pop,Inglés,1,1,dontstart_pc.ipk,2021,DontStart
DRUM GO DUM,"K/DA Ft. Aluna, Wolftyla, Bekuh BOOM",Just Dance 2021,K-Pop,Coreano,4,4,kdance_pc.ipk,2021,KDance
Feel Special,TWICE,Just Dance 2021,K-Pop,Coreano,4,1,feelspecialalt_pc.ipk,2021,FeelSpecialALT
Feel Special,TWICE,Just Dance 2021,K-Pop,Coreano,1,3,feelspecial_pc.ipk,2021,FeelSpecial
Flash (Just Dance Version),"Bilal Hassani, avec Sulivan Gwed, Paola Locatelli et Sundy Jules",Just Dance 2021,Pop / Dance-Pop,Francés,2,1,flash_pc.ipk,2021,Flash
Flying Carpet,Persian Nights,Just Dance 2021,Pop / Dance-Pop,Inglés,1,1,carpetkids_pc.ipk,2021,CarpetKids
Georgia,Tiggs Da Author,Just Dance 2021,Pop / Dance-Pop,Inglés,2,1,georgia_pc.ipk,2021,Georgia
Get Get Down,Paul Johnson,Just Dance 2021,Pop / Dance-Pop,Inglés,2,4,getgetdown_pc.ipk,2021,GetGetDown
Get On The Fire Truck,The Step Brigade,Just Dance 2021,Pop / Dance-Pop,Inglés,1,2,firemenkids_pc.ipk,2021,FiremenKids
Girls Like,Tinie Tempah ft. Zara Larsson,Just Dance 2021,Pop / Dance-Pop,Inglés,2,3,girlslike_pc.ipk,2021,GirlsLike
Head & Heart,Joel Corry Ft. MNEK,Just Dance 2021,Rock / Pop Rock,Inglés,1,2,headandheart_pc.ipk,2021,HeadAndHeart
Heat Seeker,DREAMERS,Just Dance 2021,Pop / Dance-Pop,Inglés,2,1,heatseeker_pc.ipk,2021,HeatSeeker
Here Comes The Spy,The Step Brigade,Just Dance 2021,Pop / Dance-Pop,Inglés,1,1,spykids_pc.ipk,2021,SpyKids
Ice Cream,BLACKPINK x Selena Gomez,Just Dance 2021,K-Pop,Coreano,3,4,sorbet_pc.ipk,2021,Sorbet
In The Navy,Village People,Just Dance 2021,Disco / Funk,Inglés,2,4,inthenavy_pc.ipk,2021,InTheNavy
Intoxicated,Martin Solveig & GTA,Just Dance 2021,Pop / Dance-Pop,Inglés,2,1,intoxicated_pc.ipk,2021,Intoxicated
John Cena,Sho Madjozi,Just Dance 2021,Pop / Dance-Pop,Inglés,3,1,johncena_pc.ipk,2021,JohnCena
Joone Khodet,Black Cats,Just Dance 2021,Pop / Dance-Pop,Inglés,3,2,joone_pc.ipk,2021,Joone
Juice,Lizzo,Just Dance 2021,Pop / Dance-Pop,Inglés,2,3,juicealt_pc.ipk,2021,JuiceALT
Juice,Lizzo,Just Dance 2021,Pop / Dance-Pop,Inglés,3,3,juicevip_pc.ipk,2021,JuiceVIP
Juice,Lizzo,Just Dance 2021,Pop / Dance-Pop,Inglés,2,3,juice_pc.ipk,2021,Juice
Kick It,NCT 127,Just Dance 2021,K-Pop,Coreano,4,1,kickitalt_pc.ipk,2021,KickItALT
Kick It,NCT 127,Just Dance 2021,K-Pop,Coreano,3,4,kickit_pc.ipk,2021,KickIt
Kulikitaka,Toño Rosario,Just Dance 2021,Pop / Dance-Pop,Inglés,1,1,kuliki_pc.ipk,2021,Kuliki
Lacrimosa,Apashe,Just Dance 2021,Pop / Dance-Pop,Inglés,2,1,lacrimosa_pc.ipk,2021,Lacrimosa
Let's Save Our Planet,The Sunlight Shakers,Just Dance 2021,Pop / Dance-Pop,Inglés,1,2,ecolokids_pc.ipk,2021,EcoloKids
Magenta Riddim,DJ Snake,Just Dance 2021,Dance / Electrónica,Inglés,2,1,magenta_pc.ipk,2021,Magenta
Monster,EXO,Just Dance 2021,K-Pop,Coreano,3,3,monster_pc.ipk,2021,Monster
Paca Dance,The Just Dance Band,Just Dance 2021,Pop / Dance-Pop,Inglés,1,2,pacadance_pc.ipk,2021,PacaDance
Que Tire Pa Lante,Daddy Yankee,Just Dance 2021,K-Pop,Español,3,4,quetirepalante_pc.ipk,2021,QueTirePaLante
Rain On Me,Lady Gaga & Ariana Grande,Just Dance 2021,Pop / Dance-Pop,Inglés,2,3,rainonme_pc.ipk,2021,RainOnMe
Rare,Selena Gomez,Just Dance 2021,Pop / Dance-Pop,Inglés,1,1,rarealt_pc.ipk,2021,RareALT
Rare,Selena Gomez,Just Dance 2021,Pop / Dance-Pop,Inglés,1,1,rare_pc.ipk,2021,Rare
Rock 'n Roll Princess,Fast Forward Highway,Just Dance 2021,R&B / Soul,Inglés,1,1,badassprincesskids_pc.ipk,2021,BadAssPrincessKids
Runaway (U & I),Galantis,Just Dance 2021,Dance / Electrónica,Inglés,1,2,runaway_pc.ipk,2021,Runaway
Samba de Janeiro,Bellini,Just Dance 2021,Pop / Dance-Pop,Inglés,3,2,sambadejaneiroalt_pc.ipk,2021,SambaDeJaneiroALT
Samba de Janeiro,Bellini,Just Dance 2021,Pop / Dance-Pop,Inglés,1,3,sambadejaneiro_pc.ipk,2021,SambaDeJaneiro
Savage love (Laxed - Siren Beat),Jawsh 685 x Jason Derulo,Just Dance 2021,Pop / Dance-Pop,Inglés,2,2,savagelove_pc.ipk,2021,SavageLove
Say So,Doja Cat,Just Dance 2021,Hip-Hop / Rap,Inglés,1,2,sayso_pc.ipk,2021,SaySo
Señorita,Shawn Mendes & Camila Cabello,Just Dance 2021,Pop / Dance-Pop,Spanglish,1,2,senorita_pc.ipk,2021,Senorita
Space Cat,Equinox Stars,Just Dance 2021,Pop / Dance-Pop,Inglés,1,1,chasmonautekids_pc.ipk,2021,ChasmonauteKids
Stupid Love,Lady Gaga,Just Dance 2021,Pop / Dance-Pop,Inglés,3,1,stupidlove_pc.ipk,2021,StupidLove
Temperature,Sean Paul,Just Dance 2021,Pop / Dance-Pop,Inglés,4,1,temperaturealt_pc.ipk,2021,TemperatureALT
Temperature,Sean Paul,Just Dance 2021,Pop / Dance-Pop,Inglés,1,4,temperature_pc.ipk,2021,Temperature
The Color Lab,Dancing Bros.,Just Dance 2021,Pop / Dance-Pop,Inglés,1,1,bubbleskids_pc.ipk,2021,BubblesKids
The Other Side (from Trolls World Tour),SZA & Justin Timberlake,Just Dance 2021,R&B / Soul,Inglés,2,1,othersidesza_pc.ipk,2021,OtherSideSZA
The Sweet Escape,Gwen Stefani Ft. Akon,Just Dance 2021,Pop / Dance-Pop,Inglés,1,1,sweetescape_pc.ipk,2021,SweetEscape
The Way I Are,"Timbaland Ft. Keri Hilson, D.O.E., Sebastian",Just Dance 2021,Pop / Dance-Pop,Inglés,2,2,thewayiare_pc.ipk,2021,TheWayIAre
The Weekend,Michael Gray,Just Dance 2021,Pop / Dance-Pop,Inglés,3,2,theweekend_pc.ipk,2021,TheWeekend
Till The World Ends,Britney Spears,Just Dance 2021,Pop / Dance-Pop,Inglés,4,1,tilltheworldendsalt_pc.ipk,2021,TillTheWorldEndsALT
Till The World Ends,Britney Spears,Just Dance 2021,Pop / Dance-Pop,Inglés,2,1,tilltheworldends_pc.ipk,2021,TillTheWorldEnds
Tusa,"Karol G, Nicki Minaj",Just Dance 2021,Pop Latino / Urbano,Spanglish,2,1,tusa_pc.ipk,2021,Tusa
U.S.A.,DA PUMP,Just Dance 2021,Pop / Dance-Pop,Inglés,2,4,usa_pc.ipk,2021,USA
UNO,Little Big,Just Dance 2021,Rock / Pop Rock,Inglés,2,4,uno_pc.ipk,2021,Uno
Volar,Lele Pons Ft. Susan Diaz and Victor Cardenas,Just Dance 2021,Hip-Hop / Rap,Inglés,2,1,volar_pc.ipk,2021,Volar
Without Me,Eminem,Just Dance 2021,Hip-Hop / Rap,Inglés,4,1,withoutmealtretake_pc.ipk,2021,WithoutMeALTRETAKE
Without Me,Eminem,Just Dance 2021,Hip-Hop / Rap,Inglés,3,3,withoutme_pc.ipk,2021,WithoutMe
Yameen Yasar,DJ Absi,Just Dance 2021,Pop / Dance-Pop,Inglés,4,1,habibiyaenialt_pc.ipk,2021,HabibiYaeniALT
Yameen Yasar,DJ Absi,Just Dance 2021,Pop / Dance-Pop,Inglés,3,3,habibiyaeni_pc.ipk,2021,HabibiYaeni
YO LE LLEGO,"J Balvin, Bad Bunny",Just Dance 2021,Infantil,Español,1,2,yolellego_pc.ipk,2021,YoLeLlego
You've Got A Friend In Me,Disney•Pixar's Toy Story,Just Dance 2021,Banda Sonora / Musical,Inglés,1,1,friendinme_pc.ipk,2021,FriendInMe
Zenit,ONUKA,Just Dance 2021,Pop / Dance-Pop,Inglés,1,1,zenit_pc.ipk,2021,Zenit
A La Folie,Julien Granel & Lena Situations,Just Dance 2022,Pop / Dance-Pop,Francés,2,1,alafolie_pc.ipk,2022,ALaFolie
Bad Habits,Ed Sheeran,Just Dance 2022,Pop / Dance-Pop,Inglés,2,1,badhabits_pc.ipk,2022,BadHabits
Baianá,Bakermat,Just Dance 2022,Dance / Electrónica,Portugués,1,1,baiana_pc.ipk,2022,Baiana
Believer,Imagine Dragons,Just Dance 2022,Rock / Pop Rock,Inglés,2,2,believer_pc.ipk,2022,Believer
Black Mamba,aespa,Just Dance 2022,K-Pop,Coreano,2,1,blackmamalt_pc.ipk,2022,BlackMamALT
Black Mamba,aespa,Just Dance 2022,K-Pop,Coreano,4,3,blackmam_pc.ipk,2022,BlackMam
BOOMBAYAH,BLACKPINK,Just Dance 2022,K-Pop,Coreano,2,1,boombayahalt_pc.ipk,2022,BoombayahALT
BOOMBAYAH,BLACKPINK,Just Dance 2022,K-Pop,Coreano,4,4,boombayah_pc.ipk,2022,Boombayah
Boss Witch,Skarlett Klaw,Just Dance 2022,Pop / Dance-Pop,Inglés,2,1,bosswitch_pc.ipk,2022,BossWitch
Break My Heart,Dua Lipa,Just Dance 2022,Rock / Pop Rock,Inglés,2,1,breakmyheart_pc.ipk,2022,BreakMyHeart
Build A B****,Bella Poarch,Just Dance 2022,Pop / Dance-Pop,Inglés,1,1,buildab_pc.ipk,2022,BuildAB
Buttons,The Pussycat Dolls Ft. Snoop Dogg,Just Dance 2022,Hip-Hop / Rap,Inglés,2,1,buttonsalt_pc.ipk,2022,ButtonsALT
Buttons,The Pussycat Dolls Ft. Snoop Dogg,Just Dance 2022,Hip-Hop / Rap,Inglés,2,3,buttons_pc.ipk,2022,Buttons
Chacarron,El Chombo,Just Dance 2022,Pop / Dance-Pop,Inglés,1,1,chacarron_pc.ipk,2022,Chacarron
Chandelier,Sia,Just Dance 2022,Pop / Dance-Pop,Inglés,2,1,chandelieralt_pc.ipk,2022,ChandelierALT
Chandelier,Sia,Just Dance 2022,Pop / Dance-Pop,Inglés,2,1,chandelier_pc.ipk,2022,Chandelier
China,"Anuel AA, Daddy Yankee, Karol G Ft. Ozuna, J Balvin",Just Dance 2022,Infantil,Español,1,2,chinaalt_pc.ipk,2022,ChinaALT
China,"Anuel AA, Daddy Yankee, Karol G Ft. Ozuna, J Balvin",Just Dance 2022,Infantil,Español,2,3,china_pc.ipk,2022,China
Daisy,Ashnikko,Just Dance 2022,Pop / Dance-Pop,Inglés,1,1,daisy_pc.ipk,2022,Daisy
Don't Go Yet,Camila Cabello,Just Dance 2022,Pop / Dance-Pop,Inglés,2,1,dontgoyetalt_pc.ipk,2022,DontGoYetALT
Don't Go Yet,Camila Cabello,Just Dance 2022,Pop / Dance-Pop,Inglés,2,4,dontgoyet_pc.ipk,2022,DontGoYet
Flash Pose,Pabllo Vittar Ft. Charli XCX,Just Dance 2022,Dance / Electrónica,Portugués,2,3,flashpose_pc.ipk,2022,FlashPose
Follow The White Rabbit,Madison Beer,Just Dance 2022,Pop / Dance-Pop,Inglés,2,1,followthewhiterabbit_pc.ipk,2022,FollowTheWhiteRabbit
Freed From Desire,GALA,Just Dance 2022,Rock / Pop Rock,Inglés,2,1,freedfromdesire_pc.ipk,2022,FreedFromDesire
Funk,Meghan Trainor,Just Dance 2022,Pop / Dance-Pop,Inglés,2,2,funk_pc.ipk,2022,Funk
GIRL LIKE ME,Black Eyed Peas X Shakira,Just Dance 2022,Hip-Hop / Rap,Spanglish,4,1,girllikemealt_pc.ipk,2022,GirlLikeMeALT
GIRL LIKE ME,Black Eyed Peas X Shakira,Just Dance 2022,Hip-Hop / Rap,Spanglish,3,1,girllikeme_pc.ipk,2022,GirlLikeMe
good 4 u,Olivia Rodrigo,Just Dance 2022,Pop / Dance-Pop,Inglés,2,1,good4u_pc.ipk,2022,Good4U
Happier Than Ever,Billie Eilish,Just Dance 2022,Pop / Dance-Pop,Inglés,2,1,happierthanever_pc.ipk,2022,HappierThanEver
Human,Sevdaliza,Just Dance 2022,Pop / Dance-Pop,Inglés,3,1,human_pc.ipk,2022,Human
I'm Outta Love,Anastacia,Just Dance 2022,Hip-Hop / Rap,Inglés,1,1,imouttalove_pc.ipk,2022,ImOuttaLove
Jerusalema,Master KG Ft. Nomcebo Zikode,Just Dance 2022,Pop / Dance-Pop,Inglés,1,4,jerusalema_pc.ipk,2022,Jerusalema
Jopping,SuperM,Just Dance 2022,K-Pop,Coreano,2,1,joppingalt_pc.ipk,2022,JoppingALT
Jopping,SuperM,Just Dance 2022,K-Pop,Coreano,4,3,jopping_pc.ipk,2022,Jopping
Judas,Lady Gaga,Just Dance 2022,Pop / Dance-Pop,Inglés,2,1,judas_pc.ipk,2022,Judas
Kiss Me More,Doja Cat Ft. SZA,Just Dance 2022,K-Pop,Coreano,2,2,kissmemore_pc.ipk,2022,KissMeMore
Koi (恋),Gen Hoshino (星野源),Just Dance 2022,Pop / Dance-Pop,Inglés,3,3,koi_pc.ipk,2022,Koi
Last Friday Night (T.G.I.F.),Katy Perry,Just Dance 2022,Pop / Dance-Pop,Inglés,2,1,tgif_pc.ipk,2022,TGIF
Level Up,Ciara,Just Dance 2022,R&B / Soul,Inglés,2,1,levelupvip_pc.ipk,2022,LevelUpVIP
Level Up,Ciara,Just Dance 2022,R&B / Soul,Inglés,2,3,levelup_pc.ipk,2022,LevelUp
Levitating,Dua Lipa,Just Dance 2022,Pop / Dance-Pop,Inglés,4,1,levitatingalt_pc.ipk,2022,LevitatingALT
Levitating,Dua Lipa,Just Dance 2022,Pop / Dance-Pop,Inglés,1,1,levitating_pc.ipk,2022,Levitating
Love Story (Taylor's Version),Taylor Swift,Just Dance 2022,Pop / Dance-Pop,Inglés,1,2,lovestory_pc.ipk,2022,LoveStory
Malibu,Kim Petras,Just Dance 2022,Pop / Dance-Pop,Inglés,2,3,malibu_pc.ipk,2022,Malibu
MONTERO (Call Me By Your Name),Lil Nas X,Just Dance 2022,Hip-Hop / Rap,Inglés,2,1,montero_pc.ipk,2022,MONTERO
Mood,24kGoldn Ft. iann dior,Just Dance 2022,Hip-Hop / Rap,Inglés,4,3,moodalt_pc.ipk,2022,MoodALT
Mood,24kGoldn Ft. iann dior,Just Dance 2022,Hip-Hop / Rap,Inglés,1,2,mood_pc.ipk,2022,Mood
Mr. Blue Sky,The Sunlight Shakers,Just Dance 2022,Pop / Dance-Pop,Inglés,1,1,mrbluesky_pc.ipk,2022,MrBlueSky
My Way,Domino Saints,Just Dance 2022,Pop / Dance-Pop,Inglés,2,4,reebok_pc.ipk,2022,Reebok
"Nails, Hair, Hips, Heels",Todrick Hall,Just Dance 2022,Pop / Dance-Pop,Inglés,4,1,nailships_pc.ipk,2022,NailsHips
"Nails, Hair, Hips, Heels (Just Dance Version)",Todrick Hall,Just Dance 2022,Pop / Dance-Pop,Inglés,2,1,nailshipsjd_pc.ipk,2022,NailsHipsJD
POP/STARS,"K/DA, Madison Beer, (G)I-DLE Ft. Jaira Burns",Just Dance 2022,K-Pop,Coreano,4,4,popstars_pc.ipk,2022,PopStars
Positions,Ariana Grande,Just Dance 2022,Pop / Dance-Pop,Inglés,3,4,positions_pc.ipk,2022,Positions
Poster Girl,Zara Larsson,Just Dance 2022,Pop / Dance-Pop,Inglés,2,1,siargo_pc.ipk,2022,Siargo
Rock Your Body,Justin Timberlake,Just Dance 2022,R&B / Soul,Inglés,2,1,rockyourbody_pc.ipk,2022,RockYourBody
Run The World (Girls),Beyoncé,Just Dance 2022,R&B / Soul,Inglés,4,1,whorunaltretake_pc.ipk,2022,WhoRunALTRETAKE
Run The World (Girls),Beyoncé,Just Dance 2022,R&B / Soul,Inglés,3,3,whorun_pc.ipk,2022,WhoRun
Save Your Tears (Remix),The Weeknd & Ariana Grande,Just Dance 2022,R&B / Soul,Inglés,2,2,saveyourtears_pc.ipk,2022,SaveYourTears
Shoutout,Lisa Pac,Just Dance 2022,J-Pop,Japonés,3,2,flyingstepvip_pc.ipk,2022,FlyingStepVIP
Smalltown Boy,Bronski Beat,Just Dance 2022,Pop / Dance-Pop,Inglés,2,1,smalltownboy_pc.ipk,2022,SmalltownBoy
Stop Drop Roll,Ayo & Teo,Just Dance 2022,Hip-Hop / Rap,Inglés,2,4,stopdropandroll_pc.ipk,2022,StopDropAndRoll
Sua Cara,Major Lazer Ft. Anitta & Pabllo Vittar,Just Dance 2022,Pop Latino / Urbano,Portugués,1,2,suacaraalt_pc.ipk,2022,SuaCaraALT
Sua Cara,Major Lazer Ft. Anitta & Pabllo Vittar,Just Dance 2022,Pop Latino / Urbano,Portugués,1,1,suacara_pc.ipk,2022,SuaCara
Think About Things,Daði Freyr,Just Dance 2022,Pop / Dance-Pop,Inglés,2,1,thinkaboutthings_pc.ipk,2022,ThinkAboutThings
Waterval,K3,Just Dance 2022,Pop / Dance-Pop,Holandés,2,3,langkawi_pc.ipk,2022,Langkawi
You Can Dance,Chilly Gonzales,Just Dance 2022,Pop / Dance-Pop,Inglés,1,1,youcandance_pc.ipk,2022,YouCanDance
You Make Me Feel (Mighty Real),Sylvester,Just Dance 2022,Pop / Dance-Pop,Inglés,2,1,mightyreal_pc.ipk,2022,MightyReal
As It Was,Harry Styles,Just Dance 2023 Edition,Pop / Dance-Pop,Inglés,2,1,asitwas_pc.ipk,2023,AsItWas
Bloody Mary,Lady Gaga,Just Dance 2023 Edition,Pop / Dance-Pop,Inglés,2,1,bloodymary_pc.ipk,2023,BloodyMary
CAN'T STOP THE FEELING!,Justin Timberlake,Just Dance 2023 Edition,Rock / Pop Rock,Inglés,1,2,cantstopthefeeling_pc.ipk,2023,CantStopTheFeeling
Disco Inferno,The Trammps,Just Dance 2023 Edition,Disco / Funk,Inglés,1,1,discoinferno_pc.ipk,2023,DiscoInferno
DJ Got Us Fallin' In Love,Usher,Just Dance 2023 Edition,R&B / Soul,Inglés,2,2,djgotus_pc.ipk,2023,DJGotUs
drivers license,Olivia Rodrigo,Just Dance 2023 Edition,K-Pop,Coreano,2,1,driverslicense_pc.ipk,2023,DriversLicense
Dynamite,BTS,Just Dance 2023 Edition,K-Pop,Coreano,2,1,dynamite_pc.ipk,2023,Dynamite
Euphoria,Loreen,Just Dance 2023 Edition,Pop / Dance-Pop,Inglés,1,1,euphoria_pc.ipk,2023,Euphoria
Good Ones,Charli XCX,Just Dance 2023 Edition,Pop / Dance-Pop,Inglés,1,1,goodones_pc.ipk,2023,GoodOnes
I Knew You Were Trouble,Taylor Swift,Just Dance 2023 Edition,Pop / Dance-Pop,Inglés,2,1,iknewyouweretrouble_pc.ipk,2023,IKnewYouWereTrouble
If You Wanna Party,The Just Dancers,Just Dance 2023 Edition,Pop / Dance-Pop,Inglés,2,1,party_pc.ipk,2023,PARTY
Jamais Lâcher,Michou,Just Dance 2023 Edition,Pop / Dance-Pop,Inglés,2,1,jamais_pc.ipk,2023,Jamais
Locked Out of Heaven,Bruno Mars,Just Dance 2023 Edition,R&B / Soul,Inglés,2,1,lockedout_pc.ipk,2023,LockedOut
Love Me Land,Zara Larsson,Just Dance 2023 Edition,Pop / Dance-Pop,Inglés,3,1,lovemeland_pc.ipk,2023,LoveMeLand
Magic,Kylie Minogue,Just Dance 2023 Edition,Pop / Dance-Pop,Inglés,1,1,magic_pc.ipk,2023,Magic
Million Dollar Baby,Ava Max,Just Dance 2023 Edition,Pop / Dance-Pop,Inglés,1,1,milliondollarbaby_pc.ipk,2023,MillionDollarBaby
Miraculous Official Theme Song,Lou and Lenni-Kim,Just Dance 2023 Edition,Banda Sonora / Musical,Francés,1,2,ladybug_pc.ipk,2023,LadyBug
MORE,"K/DA Ft. Madison Beer, (G)I-DLE, Lexie Liu, Jaira Burns & Seraphine",Just Dance 2023 Edition,K-Pop,Coreano,2,1,morealt_pc.ipk,2023,MOREALT
MORE,"K/DA Ft. Madison Beer, (G)I-DLE, Lexie Liu, Jaira Burns & Seraphine",Just Dance 2023 Edition,K-Pop,Coreano,4,4,more_pc.ipk,2023,MORE
Numb,Linkin Park,Just Dance 2023 Edition,Rock / Pop Rock,Inglés,3,1,numb_pc.ipk,2023,Numb
Physical,Dua Lipa,Just Dance 2023 Edition,Pop / Dance-Pop,Inglés,1,1,physical_pc.ipk,2023,Physical
Psycho,Red Velvet,Just Dance 2023 Edition,K-Pop,Coreano,1,1,psychoalt_pc.ipk,2023,PsychoALT
Rather Be,Clean Bandit Ft. Jess Glynne,Just Dance 2023 Edition,Dance / Electrónica,Inglés,3,1,ratherbe_pc.ipk,2023,RatherBe
Sissy That Walk,RuPaul,Just Dance 2023 Edition,Pop / Dance-Pop,Inglés,1,1,sissythatwalk_pc.ipk,2023,SissyThatWalk
Sunroof,Nicky Youre & Dazy,Just Dance 2023 Edition,Hip-Hop / Rap,Inglés,2,1,sunroof_pc.ipk,2023,Sunroof
Sweet but Psycho,Ava Max,Just Dance 2023 Edition,K-Pop,Coreano,2,1,sweetbutpsycho_pc.ipk,2023,SweetButPsycho
Telephone,Lady Gaga Ft. Beyoncé,Just Dance 2023 Edition,R&B / Soul,Inglés,2,1,telephone_pc.ipk,2023,Telephone
"thank u, next",Ariana Grande,Just Dance 2023 Edition,Pop / Dance-Pop,Inglés,2,1,thankunext_pc.ipk,2023,ThankUNext
Toxic,Britney Spears,Just Dance 2023 Edition,Pop / Dance-Pop,Inglés,2,1,toxicnext_pc.ipk,2023,ToxicNext
WANNABE,ITZY,Just Dance 2023 Edition,K-Pop,Coreano,2,1,wannabeitzyalt_pc.ipk,2023,WannabeItzyALT
WANNABE,ITZY,Just Dance 2023 Edition,K-Pop,Coreano,4,3,wannabeitzy_pc.ipk,2023,WannabeItzy
A QUEDA,Gloria Groove,Just Dance 2024 Edition,Pop / Dance-Pop,Portugués,2,1,aqueda_pc.ipk,2024,AQueda
Can't Tame Her,Zara Larsson,Just Dance 2024 Edition,Pop / Dance-Pop,Inglés,3,1,canttameher_pc.ipk,2024,CantTameHer
Cure For Me,AURORA,Just Dance 2024 Edition,Pop / Dance-Pop,Inglés,2,1,cureformealt_pc.ipk,2024,CureForMeALT
HIP,MAMAMOO,Just Dance 2024 Edition,Pop / Dance-Pop,Inglés,2,1,hipmamamooalt_pc.ipk,2024,HipMamamooALT
I Wanna Dance With Somebody,Whitney Houston,Just Dance 2024 Edition,R&B / Soul,Inglés,2,1,iwannadance_pc.ipk,2024,IWannaDance
I'm Good (Blue),David Guetta & Bebe Rexha,Just Dance 2024 Edition,Dance / Electrónica,Inglés,2,2,imgood_pc.ipk,2024,ImGood
Stronger (What Doesn't Kill You),Kelly Clarkson,Just Dance 2024 Edition,Pop / Dance-Pop,Inglés,1,1,stronger_pc.ipk,2024,Stronger
Todo de Ti,Rauw Alejandro,Just Dance 2024 Edition,Pop Latino / Urbano,Español,2,1,tododeti_pc.ipk,2024,TodoDeTi
Wasabi,Little Mix,Just Dance 2024 Edition,Rock / Pop Rock,Inglés,2,1,wasabi_pc.ipk,2024,Wasabi
When Will My Life Begin?,Disney's Tangled,Just Dance 2024 Edition,Banda Sonora / Musical,Inglés,2,1,willmylifebegin_pc.ipk,2024,WillMyLifeBegin
Whine Up,Kat DeLuna ft. Elephant Man,Just Dance 2024 Edition,Pop / Dance-Pop,Inglés,1,1,whineup_pc.ipk,2024,WhineUp
Zero to Hero,Disney's Hercules,Just Dance 2024 Edition,Banda Sonora / Musical,Inglés,2,3,zerotohero_pc.ipk,2024,ZeroToHero
Apple,Charli XCX,Just Dance 2025 Edition,Pop / Dance-Pop,Inglés,1,1,apple_pc.ipk,2025,Apple
"break up with your girlfriend, i'm bored",Ariana Grande,Just Dance 2025 Edition,Pop / Dance-Pop,Inglés,2,1,breakup_pc.ipk,2025,BreakUp
Centuries,Fall Out Boy,Just Dance 2025 Edition,Rock / Pop Rock,Inglés,2,1,centuries_pc.ipk,2025,Centuries
Dubidubidu (Chipi Chipi Chapa Chapa),Christell,Just Dance 2025 Edition,Pop / Dance-Pop,Inglés,1,1,dubidubidu_pc.ipk,2025,Dubidubidu
Espresso,Sabrina Carpenter,Just Dance 2025 Edition,Pop / Dance-Pop,Inglés,2,1,espresso_pc.ipk,2025,Espresso
i like the way you kiss me,Artemas,Just Dance 2025 Edition,Rock / Pop Rock,Inglés,1,2,youkissme_pc.ipk,2025,YouKissMe
In Your Eyes (Remix),The Weeknd Ft. Doja Cat,Just Dance 2025 Edition,Hip-Hop / Rap,Inglés,2,1,inyoureyes_pc.ipk,2025,InYourEyes
Padam Padam,Kylie Minogue,Just Dance 2025 Edition,Pop / Dance-Pop,Inglés,1,1,padam_pc.ipk,2025,Padam
Play Date,Melanie Martinez,Just Dance 2025 Edition,Pop / Dance-Pop,Inglés,2,1,playdate_pc.ipk,2025,PlayDate
Si Antes Te Hubiera Conocido,KAROL G,Just Dance 2025 Edition,Pop Latino / Urbano,Español,1,1,sianteste_pc.ipk,2025,SiAntesTe
Something I Can Feel,Mandy Harvey,Just Dance 2025 Edition,Hip-Hop / Rap,Inglés,3,1,somethingicanfeel_pc.ipk,2025,SomethingICanFeel
Stop This Fire,Nius,Just Dance 2025 Edition,Pop / Dance-Pop,Inglés,1,1,stopthisfire_pc.ipk,2025,StopThisFire
the boy is mine,Ariana Grande,Just Dance 2025 Edition,Pop / Dance-Pop,Inglés,1,1,boyismine_pc.ipk,2025,BoyIsMine
Training Season,Dua Lipa,Just Dance 2025 Edition,Pop / Dance-Pop,Inglés,2,1,trainingseason_pc.ipk,2025,TrainingSeason
Vogue,Madonna,Just Dance 2025 Edition,J-Pop,Japonés,2,1,voguealt_pc.ipk,2025,VogueALT
Vogue,Madonna,Just Dance 2025 Edition,J-Pop,Japonés,2,1,vogue_pc.ipk,2025,Vogue
Abracadabra,Lady Gaga,Just Dance 2026 Edition,Pop / Dance-Pop,Inglés,2,2,abracadabra_pc.ipk,2026,Abracadabra
APT.,ROSÉ & Bruno Mars,Just Dance 2026 Edition,R&B / Soul,Inglés,3,1,aptalt_pc.ipk,2026,APTALT
Big Bad Frog,Austin & Colin,Just Dance 2026 Edition,Pop / Dance-Pop,Inglés,1,1,bigbadfrog_pc.ipk,2026,BigBadFrog
Born to Be Alive (Reborn Version),Patrick Hernandez,Just Dance 2026 Edition,K-Pop,Coreano,1,2,borntobealt_pc.ipk,2026,BornToBeALT
Born to Be Alive (Reborn Version),Patrick Hernandez,Just Dance 2026 Edition,K-Pop,Coreano,1,1,borntobe_pc.ipk,2026,BornToBe
Chichika,MariaDennis feat. METAMAMI,Just Dance 2026 Edition,Disco / Funk,Inglés,2,2,chichika_pc.ipk,2026,Chichika
Counting Stars,OneRepublic,Just Dance 2026 Edition,Pop / Dance-Pop,Inglés,2,1,countingstars_pc.ipk,2026,CountingStars
Cry Baby,Melanie Martinez,Just Dance 2026 Edition,Pop / Dance-Pop,Inglés,3,1,crybaby_pc.ipk,2026,CryBaby
Folded,Kehlani,Just Dance 2026 Edition,R&B / Soul,Inglés,3,1,folded_pc.ipk,2026,Folded
Girls Just Want To Have Fun,Cyndi Lauper,Just Dance 2026 Edition,Pop / Dance-Pop,Inglés,1,3,girlsjustwantnext_pc.ipk,2026,GirlsJustWantNext
Gnarly,KATSEYE,Just Dance 2026 Edition,Pop / Dance-Pop,Inglés,4,3,gnarly_pc.ipk,2026,Gnarly
"Good Luck, Babe!",Chappell Roan,Just Dance 2026 Edition,Pop / Dance-Pop,Inglés,1,1,goodluckbabe_pc.ipk,2026,GoodLuckBabe
Houdini,Dua Lipa,Just Dance 2026 Edition,Pop / Dance-Pop,Inglés,4,1,houdinialt_pc.ipk,2026,HoudiniALT
Houdini,Dua Lipa,Just Dance 2026 Edition,Pop / Dance-Pop,Inglés,1,1,houdini_pc.ipk,2026,Houdini
It's ok I'm ok,Tate McRae,Just Dance 2026 Edition,Pop / Dance-Pop,Inglés,3,1,itsok_pc.ipk,2026,ItsOk
Million Times Better,Crystal Enigma,Just Dance 2026 Edition,Pop / Dance-Pop,Inglés,1,1,milliontimesbetter_pc.ipk,2026,MillionTimesBetter
Moonlight,Aileen-O,Just Dance 2026 Edition,Pop / Dance-Pop,Inglés,1,1,moonlight_pc.ipk,2026,Moonlight
Pop Muzik,M / Robin Scott,Just Dance 2026 Edition,Pop / Dance-Pop,Inglés,2,3,popmuzik_pc.ipk,2026,PopMuzik
Sokusu,Wanko Ni Mero Mero,Just Dance 2026 Edition,J-Pop,Japonés,2,1,sokusu_pc.ipk,2026,Sokusu
TEXAS HOLD 'EM,Beyoncé,Just Dance 2026 Edition,R&B / Soul,Inglés,2,2,texasholdem_pc.ipk,2026,TexasHoldEm
Water,Tyla,Just Dance 2026 Edition,Pop / Dance-Pop,Inglés,2,1,water_pc.ipk,2026,Water
WHERE IS MY HUSBAND!,RAYE,Just Dance 2026 Edition,R&B / Soul,Inglés,1,1,whereismyhusband_pc.ipk,2026,WhereIsMyHusband
World Eater,Ashnikko,Just Dance 2026 Edition,Pop / Dance-Pop,Inglés,3,3,worldeater_pc.ipk,2026,WorldEater
Airplanes,B.o.B Ft. Hayley Williams of Paramore,Just Dance 3,K-Pop,Coreano,1,1,airplanes_pc.ipk,3,Airplanes
Apache (Jump On It),The Sugarhill Gang,Just Dance 3,Pop / Dance-Pop,Inglés,2,1,apache_pc.ipk,3,Apache
Baby Don't Stop Now,Anja,Just Dance 3,Pop / Dance-Pop,Inglés,2,1,loveme_pc.ipk,3,LoveMe
Baby One More Time,Britney Spears,Just Dance 3,K-Pop,Coreano,1,4,babyonemorequat_pc.ipk,3,BabyOneMoreQUAT
Baby Zouk,Dr. Creole,Just Dance 3,Pop / Dance-Pop,Inglés,1,2,babyzouk_pc.ipk,3,BabyZouk
Barbra Streisand,Duck Sauce,Just Dance 3,Pop / Dance-Pop,Inglés,1,1,barbrastreisand_pc.ipk,3,BarbraStreisand
Barbra Streisand,Duck Sauce,Just Dance 3,Pop / Dance-Pop,Inglés,4,1,kelloggs_pc.ipk,3,Kelloggs
Beat Match Until I'm Blue,Sweat Invaders,Just Dance 3,Pop / Dance-Pop,Inglés,2,1,beatmatch_pc.ipk,3,BeatMatch
Boogie Wonderland,Groove Century,Just Dance 3,Disco / Funk,Inglés,1,4,boogiewonderquat_pc.ipk,3,BoogieWonderQUAT
Boom,Reggaeton Storm,Just Dance 3,Pop / Dance-Pop,Inglés,1,1,boomdlc_pc.ipk,3,BoomDLC
Boomsday,Sweat Invaders,Just Dance 3,Pop / Dance-Pop,Inglés,2,1,boomsday_pc.ipk,3,Boomsday
California Gurls,Katy Perry Ft. Snoop Dogg,Just Dance 3,Hip-Hop / Rap,Inglés,1,1,californiagurls_pc.ipk,3,CaliforniaGurls
Crazy Little Thing Called Love,Queen,Just Dance 3,Rock / Pop Rock,Inglés,1,2,crazylittle_pc.ipk,3,CrazyLittle
Dun N Dusted,Sweat Invaders,Just Dance 3,Pop / Dance-Pop,Inglés,2,1,dunndusted_pc.ipk,3,DunNDusted
Dynamite,Taio Cruz,Just Dance 3,K-Pop,Coreano,1,4,dynamitequat_pc.ipk,3,DynamiteQUAT
E.T.,Katy Perry,Just Dance 3,Pop / Dance-Pop,Inglés,1,1,et_pc.ipk,3,ET
Forget You,Cee Lo Green,Just Dance 3,Pop / Dance-Pop,Inglés,2,1,forgetyou_pc.ipk,3,ForgetYou
Giddy On Up (Giddy On Out),Laura Bell Bundy,Just Dance 3,Pop / Dance-Pop,Inglés,2,1,giddyonup_pc.ipk,3,GiddyOnUp
Gonna Make You Sweat (Everybody Dance Now),Sweat Invaders,Just Dance 3,Dance / Electrónica,Inglés,1,1,gonnamake_pc.ipk,3,GonnaMake
Hey Boy Hey Girl,The Chemical Brothers,Just Dance 3,Dance / Electrónica,Inglés,1,1,heyboy_pc.ipk,3,HeyBoy
Hungarian Dance No. 5,Brahms By Just Dance Classical Orchestra,Just Dance 3,Clásica / Instrumental,Inglés,1,2,hungariandance_pc.ipk,3,HungarianDance
I Don't Feel Like Dancin',Scissor Sisters,Just Dance 3,Pop / Dance-Pop,Inglés,2,1,feellikedancing_pc.ipk,3,FeelLikeDancing
I Feel Love,Donna Summer,Just Dance 3,Disco / Funk,Inglés,1,1,ifeellove_pc.ipk,3,IFeelLove
I Was Made For Lovin' You,Kiss,Just Dance 3,Rock / Pop Rock,Inglés,2,1,iwasmadequatswt_pc.ipk,3,IWasMadeQUATSWT
I Was Made For Lovin' You,Kiss,Just Dance 3,Rock / Pop Rock,Inglés,1,4,iwasmadequat_pc.ipk,3,IWasMadeQUAT
I'm So Excited,Pointer Sisters,Just Dance 3,Pop / Dance-Pop,Inglés,2,1,soexcited_pc.ipk,3,SoExcited
Jambo Mambo,Olé Orquesta,Just Dance 3,Pop / Dance-Pop,Inglés,2,2,jambomambo_pc.ipk,3,JamboMambo
Jump (For My Love),Girls Aloud,Just Dance 3,Pop / Dance-Pop,Inglés,1,2,jumpga_pc.ipk,3,JumpGA
Kurio Ko Uddah Le Jana,Bollywood Rainbow,Just Dance 3,Pop / Dance-Pop,Inglés,1,2,kurio_pc.ipk,3,Kurio
Land of 1000 Dances,Wilson Pickett,Just Dance 3,Pop / Dance-Pop,Inglés,1,1,athousanddances_pc.ipk,3,AThousandDances
Let's Go To The Mall,Robin Sparkles,Just Dance 3,Pop / Dance-Pop,Inglés,2,1,tothemall_pc.ipk,3,ToTheMall
Lollipop,MIKA,Just Dance 3,Pop / Dance-Pop,Inglés,1,1,lollipop_pc.ipk,3,Lollipop
Mamasita,Latino Sunset,Just Dance 3,Pop / Dance-Pop,Inglés,2,2,mamasita_pc.ipk,3,Mamasita
Marcia Baila,Les Rita Mitsouko,Just Dance 3,Pop / Dance-Pop,Inglés,2,1,marciabaila_pc.ipk,3,MarciaBaila
No Limit,2 Unlimited,Just Dance 3,Dance / Electrónica,Inglés,2,2,nolimit_pc.ipk,3,NoLimit
Only Girl (In The World),Rihanna,Just Dance 3,R&B / Soul,Inglés,1,1,onlygirl_pc.ipk,3,OnlyGirl
Party Rock Anthem,LMFAO Ft. Lauren Bennett and GoonRock,Just Dance 3,Dance / Electrónica,Inglés,2,1,partyrock_pc.ipk,3,PartyRock
Pata Pata,African Ladies,Just Dance 3,Pop / Dance-Pop,Inglés,1,2,patapata_pc.ipk,3,PataPata
Promiscuous,Nelly Furtado Ft. Timbaland,Just Dance 3,J-Pop,Japonés,1,2,promiscuous_pc.ipk,3,Promiscuous
Pump It,The Black Eyed Peas,Just Dance 3,Hip-Hop / Rap,Inglés,2,1,pumpit_pc.ipk,3,PumpIt
Satellite,Lena Meyer-Landrut,Just Dance 3,Rock / Pop Rock,Inglés,2,1,satellite_pc.ipk,3,Satellite
She's Got Me Dancing,Tommy Sparks,Just Dance 3,Pop / Dance-Pop,Inglés,2,1,gotmedancing_pc.ipk,3,GotMeDancing
Somethin' Stupid,Robbie Williams and Nicole Kidman,Just Dance 3,Pop / Dance-Pop,Inglés,1,2,somethinstupid_pc.ipk,3,SomethinStupid
Soul Searchin,Groove Century,Just Dance 3,Pop / Dance-Pop,Inglés,1,1,soulsearch_pc.ipk,3,SoulSearch
Spectronizer,Sentai Express,Just Dance 3,Pop / Dance-Pop,Inglés,1,4,spectronizerquat_pc.ipk,3,SpectronizerQUAT
Take On Me,a-ha,Just Dance 3,Pop / Dance-Pop,Inglés,1,1,takeonme_pc.ipk,3,TakeOnMe
Teenage Dream,Katy Perry,Just Dance 3,Pop / Dance-Pop,Inglés,1,1,teenagedream_pc.ipk,3,TeenageDream
The Master Blaster,Inspector Marceau,Just Dance 3,Pop / Dance-Pop,Instrumental,1,2,masterblaster_pc.ipk,3,MasterBlaster
Think,The London Orchestra & Cast,Just Dance 3,Clásica / Instrumental,Inglés,2,1,think_pc.ipk,3,Think
This Is Halloween,Danny Elfman,Just Dance 3,Pop / Dance-Pop,Inglés,1,4,halloweenquat_pc.ipk,3,HalloweenQUAT
Twist And Shake It,The Girly Team,Just Dance 3,Pop / Dance-Pop,Inglés,1,2,twistshakeit_pc.ipk,3,TwistShakeIt
Venus,Bananarama,Just Dance 3,Pop / Dance-Pop,Inglés,1,1,venusb_pc.ipk,3,VenusB
Video Killed The Radio Star,The Buggles,Just Dance 3,Pop / Dance-Pop,Inglés,1,1,videokilled_pc.ipk,3,VideoKilled
What You Waiting For,Gwen Stefani,Just Dance 3,Pop / Dance-Pop,Inglés,2,1,whatyouwait_pc.ipk,3,WhatYouWait
Ain't No Other Man,The Girly Team,Just Dance 4,Pop / Dance-Pop,Inglés,2,1,aintnootherman_pc.ipk,4,AintNoOtherMan
Aserejé (The Ketchup Song),Las Ketchup,Just Dance 4,Pop / Dance-Pop,Inglés,1,2,ketchupsong_pc.ipk,4,KetchupSong
Beauty And A Beat,Justin Bieber Ft. Nicki Minaj,Just Dance 4,Hip-Hop / Rap,Inglés,3,1,beautyandabeatdlc_pc.ipk,4,BeautyAndABeatDLC
Beware Of The Boys (Mundian To Bach Ke),Panjabi MC,Just Dance 4,Clásica / Instrumental,Inglés,2,4,bewareof_pc.ipk,4,BewareOf
Brand New Start,Anja,Just Dance 4,Pop / Dance-Pop,Inglés,2,1,letmefeelya_pc.ipk,4,LetMeFeelYa
Call Me Maybe,Carly Rae Jepsen,Just Dance 4,Pop / Dance-Pop,Inglés,2,1,callmemaybealt_pc.ipk,4,CallMeMaybeALT
Call Me Maybe,Carly Rae Jepsen,Just Dance 4,Pop / Dance-Pop,Inglés,1,1,callmemaybe_pc.ipk,4,CallMeMaybe
Can't Take My Eyes Off You,Boys Town Gang,Just Dance 4,R&B / Soul,Inglés,3,1,canttakemyeyesalt_pc.ipk,4,CantTakeMyEyesALT
Can't Take My Eyes Off You,Boys Town Gang,Just Dance 4,R&B / Soul,Inglés,1,2,canttakemyeyes_pc.ipk,4,CantTakeMyEyes
Cercavo Amore,Emma,Just Dance 4,K-Pop,Coreano,2,1,amore_pc.ipk,4,Amore
Crazy Little Thing,Anja,Just Dance 4,Rock / Pop Rock,Inglés,2,1,sexylittlething_pc.ipk,4,SexyLittleThing
Crucified,Army Of Lovers,Just Dance 4,Pop / Dance-Pop,Inglés,2,4,crucifiedquat_pc.ipk,4,CrucifiedQUAT
Die Young,Ke$ha,Just Dance 4,Pop / Dance-Pop,Inglés,2,2,dieyoungdlc_pc.ipk,4,DieYoungDLC
Diggin' In The Dirt,Stefanie Heinzmann,Just Dance 4,Pop / Dance-Pop,Inglés,1,1,diggin_pc.ipk,4,Diggin
Disturbia,Rihanna,Just Dance 4,R&B / Soul,Inglés,2,1,disturbia_pc.ipk,4,Disturbia
Domino,Jessie J,Just Dance 4,Pop / Dance-Pop,Inglés,1,1,domino_pc.ipk,4,Domino
Everybody Needs Somebody To Love,Dancing Bros.,Just Dance 4,Pop / Dance-Pop,Inglés,2,2,everybodyneeds_pc.ipk,4,EverybodyNeeds
Funhouse,P!nk,Just Dance 4,Dance / Electrónica,Inglés,2,1,funhousedlc_pc.ipk,4,FunHouseDLC
Gangnam Style,PSY,Just Dance 4,K-Pop,Coreano,3,2,gangnamstyledlc_pc.ipk,4,GangnamStyleDLC
Gold Dust,DJ Fresh,Just Dance 4,Pop / Dance-Pop,Inglés,2,1,golddust_pc.ipk,4,GoldDust
Good Feeling,Flo Rida,Just Dance 4,Hip-Hop / Rap,Inglés,4,1,goodfeelingalt_pc.ipk,4,GoodFeelingALT
Good Feeling,Flo Rida,Just Dance 4,Hip-Hop / Rap,Inglés,3,1,goodfeeling_pc.ipk,4,GoodFeeling
Good Girl,Carrie Underwood,Just Dance 4,Country / Folk,Inglés,1,1,goodgirl_pc.ipk,4,GoodGirl
Heavy Cross,Gossip,Just Dance 4,Pop / Dance-Pop,Inglés,2,1,heavycross_pc.ipk,4,HeavyCross
Hit 'Em Up Style (Oops!),Blu Cantrell,Just Dance 4,Pop / Dance-Pop,Inglés,1,1,hitemup_pc.ipk,4,HitEmUp
Hit The Lights,Selena Gomez and The Scene,Just Dance 4,Pop / Dance-Pop,Inglés,1,1,hitthelights_pc.ipk,4,HitTheLights
Hot For Me,A.K.A,Just Dance 4,Pop / Dance-Pop,Inglés,2,1,hotforme_pc.ipk,4,HotForMe
I Like It,The Blackout Allstars,Just Dance 4,Pop / Dance-Pop,Spanglish,2,2,ilikeitlike_pc.ipk,4,ILikeItLike
Istanbul,They Might Be Giants,Just Dance 4,Pop / Dance-Pop,Inglés,1,4,istanbulquat_pc.ipk,4,IstanbulQUAT
Jailhouse Rock,Elvis Presley,Just Dance 4,Dance / Electrónica,Inglés,2,1,jailhousealt_pc.ipk,4,JailHouseALT
Jailhouse Rock,Elvis Presley,Just Dance 4,Dance / Electrónica,Inglés,1,4,jailhouse_pc.ipk,4,JailHouse
Livin' La Vida Loca,Ricky Martin,Just Dance 4,Pop Latino / Urbano,Spanglish,1,1,livinlavidaloca_pc.ipk,4,LivinLaVidaLoca
Love You Like A Love Song,Selena Gomez and The Scene,Just Dance 4,Pop / Dance-Pop,Inglés,1,1,loveyoulike_pc.ipk,4,LoveYouLike
Make The Party (Don't Stop),Bunny Beatz ft. Liquid,Just Dance 4,Pop / Dance-Pop,Inglés,2,1,maketheparty_pc.ipk,4,MakeTheParty
Maneater,Nelly Furtado,Just Dance 4,J-Pop,Japonés,1,1,maneater_pc.ipk,4,Maneater
Mas Que Nada,Sergio Mendes Ft. Black Eyed Peas,Just Dance 4,Hip-Hop / Rap,Inglés,2,1,masquenada_pc.ipk,4,MasQueNada
Moves Like Jagger,Maroon 5 Ft. Christina Aguilera,Just Dance 4,Pop / Dance-Pop,Inglés,2,1,moveslikedlc_pc.ipk,4,MovesLikeDLC
Mr. Saxobeat,Alexandra Stan,Just Dance 4,Dance / Electrónica,Portugués,1,1,mrsaxobeat_pc.ipk,4,MrSaxobeat
Never Gonna Give You Up,Rick Astley,Just Dance 4,K-Pop,Coreano,1,1,nevergonna_pc.ipk,4,NeverGonna
Oath,Cher Lloyd Ft. Becky G,Just Dance 4,Pop / Dance-Pop,Inglés,1,2,oath_pc.ipk,4,Oath
Oh No!,Marina and The Diamonds,Just Dance 4,Pop / Dance-Pop,Inglés,2,1,ohno_pc.ipk,4,OhNo
On The Floor,Jennifer Lopez Ft. Pitbull,Just Dance 4,Dance / Electrónica,Spanglish,1,1,onthefloor_pc.ipk,4,OnTheFloor
Oops!... I Did It Again,Britney Spears,Just Dance 4,Pop / Dance-Pop,Inglés,2,4,ididitagainquat_pc.ipk,4,IDidItAgainQUAT
Part of Me,Katy Perry,Just Dance 4,Pop / Dance-Pop,Inglés,1,1,partofmedlc_pc.ipk,4,PartOfMeDLC
Primadonna,Marina and The Diamonds,Just Dance 4,J-Pop,Japonés,1,1,primadonna_pc.ipk,4,PrimaDonna
Respect,Aretha Franklin,Just Dance 4,R&B / Soul,Inglés,1,1,respect_pc.ipk,4,Respect
Rock Lobster,The B-52's,Just Dance 4,Pop / Dance-Pop,Inglés,2,2,rocklobster_pc.ipk,4,RockLobster
Rock N' Roll (Will Take You To The Mountain),Skrillex,Just Dance 4,Dance / Electrónica,Inglés,3,1,rocknroll_pc.ipk,4,RockNRoll
Run The Show,Kat DeLuna Ft. Busta Rhymes,Just Dance 4,Hip-Hop / Rap,Inglés,4,1,runtheshowalt_pc.ipk,4,RunTheShowALT
Run The Show,Kat DeLuna Ft. Busta Rhymes,Just Dance 4,Hip-Hop / Rap,Inglés,2,2,runtheshow_pc.ipk,4,RunTheShow
So Glamorous,The Girly Team,Just Dance 4,Pop / Dance-Pop,Inglés,2,1,glamorouscusto_pc.ipk,4,GlamorousCusto
So Good,B.o.B,Just Dance 4,Hip-Hop / Rap,Inglés,1,1,sogood_pc.ipk,4,SoGood
So What,P!nk,Just Dance 4,Pop / Dance-Pop,Inglés,2,1,sowhat_pc.ipk,4,SoWhat
Some Catchin' Up To Do,Sammy,Just Dance 4,Pop / Dance-Pop,Inglés,2,1,catchinup_pc.ipk,4,CatchinUp
Super Bass,Nicki Minaj,Just Dance 4,Hip-Hop / Rap,Inglés,2,1,superbass_pc.ipk,4,SuperBass
Superstition,Stevie Wonder,Just Dance 4,R&B / Soul,Inglés,1,1,superstition_pc.ipk,4,Superstition
The Final Countdown,Europe,Just Dance 4,Rock / Pop Rock,Inglés,1,2,thefinalcountdown_pc.ipk,4,TheFinalCountdown
The Lazy Song,Bruno Mars,Just Dance 4,Hip-Hop / Rap,Inglés,1,1,thelazysong_pc.ipk,4,TheLazySong
Time Warp,Halloween Thrills,Just Dance 4,Pop / Dance-Pop,Inglés,1,4,timewarpquat_pc.ipk,4,TimeWarpQUAT
Tribal Dance,2 Unlimited,Just Dance 4,Dance / Electrónica,Inglés,2,1,tribaldancealt_pc.ipk,4,TribalDanceALT
Tribal Dance,2 Unlimited,Just Dance 4,Dance / Electrónica,Inglés,3,2,tribaldance_pc.ipk,4,TribalDance
Umbrella,Rihanna Ft. JAY-Z,Just Dance 4,Hip-Hop / Rap,Inglés,1,1,umbrellaalt_pc.ipk,4,UmbrellaALT
Umbrella,Rihanna Ft. JAY-Z,Just Dance 4,Hip-Hop / Rap,Inglés,1,1,umbrella_pc.ipk,4,Umbrella
Want U Back,Cher Lloyd Ft. Astro,Just Dance 4,Pop / Dance-Pop,Inglés,1,1,wantuback_pc.ipk,4,WantUBack
We No Speak Americano,Hit The Electro Beat,Just Dance 4,Dance / Electrónica,Inglés,4,2,americanofan_pc.ipk,4,AmericanoFAN
We No Speak Americano,Hit The Electro Beat,Just Dance 4,Dance / Electrónica,Inglés,3,1,americano_pc.ipk,4,Americano
We R Who We R,Ke$ha,Just Dance 4,Pop / Dance-Pop,Inglés,2,1,werwhowerdlc_pc.ipk,4,WeRWhoWeRDLC
What Makes You Beautiful,One Direction,Just Dance 4,Pop / Dance-Pop,Inglés,4,1,makesyoubeautifulalt_pc.ipk,4,MakesYouBeautifulALT
What Makes You Beautiful,One Direction,Just Dance 4,Pop / Dance-Pop,Inglés,1,4,makesyoubeautiful_pc.ipk,4,MakesYouBeautiful
Wild Wild West,Will Smith,Just Dance 4,Pop / Dance-Pop,Inglés,4,1,wildwildwestalt_pc.ipk,4,WildWildWestALT
Wild Wild West,Will Smith,Just Dance 4,Pop / Dance-Pop,Inglés,1,4,wildwildwestquat_pc.ipk,4,WildWildWestQUAT
You Make Me Feel...,Cobra Starship Ft. Sabi,Just Dance 4,Rock / Pop Rock,Inglés,1,1,youmakemefeeldlc_pc.ipk,4,YouMakeMeFeelDLC
"You're The First, The Last, My Everything",Barry White,Just Dance 4,Disco / Funk,Inglés,1,4,yourethefirst_pc.ipk,4,YouReTheFirst
4 Walls,f(x),Just Dance China,K-Pop,Coreano,2,1,jdc4walls_pc.ipk,4514,JDC4Walls
Adoration to Happiness (快乐崇拜),Wilber Pan & Angela Chang,Just Dance China,C-Pop,Japonés,2,1,jdcadorationtohappiness_pc.ipk,4514,JDCAdorationToHappiness
Bailemen Swing (百乐门 Swing),The Shanghai Restoration Project feat. Zhang Le (上海复兴方案 feat. 张乐),Just Dance China,C-Pop,Chino,2,3,bailemenswing_pc.ipk,4514,BaiLeMenSwing
Bedtime Stories (床边故事),Jay Chou,Just Dance China,C-Pop,Chino,2,4,bedtimestorychn_pc.ipk,4514,BedtimeStoryCHN
Big Bowl Thick Noodle,Kris Wu,Just Dance China,C-Pop,Chino,1,1,bigbowlthicknoodlealt_pc.ipk,4514,BigBowlThickNoodleALT
Big Bowl Thick Noodle,Kris Wu,Just Dance China,C-Pop,Chino,1,1,bigbowlthicknoodle_pc.ipk,4514,BigBowlThickNoodle
Big Dreamer (大梦想家),TFBOYS,Just Dance China,C-Pop,Chino,1,1,bigdreamerchn_pc.ipk,4514,BigDreamerCHN
Chick Chick (小鸡小鸡),Wang Rong Rollin (王蓉),Just Dance China,C-Pop,Chino,2,1,jdcchickchick_pc.ipk,4514,JDCChickChick
Coolest Ethnic (最炫民族风),Phoenix Legend (凤凰传奇),Just Dance China,C-Pop,Chino,2,1,jdccoolestethnic_pc.ipk,4514,JDCCoolestEthnic
Dancing Diva (舞娘),Jolin Tsai,Just Dance China,C-Pop,Chino,2,1,dancingdivachn_pc.ipk,4514,DancingDivaCHN
Gee (哎呀),Girls Generation (少女时代),Just Dance China,K-Pop,Coreano,2,3,jdcgee_pc.ipk,4514,JDCGee
Gokuraku Joudo (极乐净土),GARNiDELiA,Just Dance China,J-Pop,Japonés,4,3,gokurakujodo_pc.ipk,4514,GokurakuJodo
Little Apple (小苹果),Chopstick Brothers,Just Dance China,C-Pop,Chino,2,2,littleapplechn_pc.ipk,4514,LittleAppleCHN
Play (我呸),Jolin Tsai,Just Dance China,C-Pop,Chino,2,1,jdcpeiplay_pc.ipk,4514,JDCPeiPlay
Real Love (爱有引力),Chris Lee,Just Dance China,C-Pop,Chino,1,1,jdcreallove_pc.ipk,4514,JDCRealLove
Us Under The Sunshine (阳光下的我们),Wanting Qu,Just Dance China,C-Pop,Chino,2,4,underthesunshinechn_pc.ipk,4514,UndertheSunshineCHN
A Pirate You Shall Be,Tom Zehnder,Just Dance Kids,Infantil,Inglés,2,1,kidspirateyoushallbe_pc.ipk,123,KIDSPirateYouShallBe
Accidentally in Love,The Just Dance Kids,Just Dance Kids,Infantil,Inglés,2,1,kidsaccidentallyinlove_pc.ipk,123,KIDSAccidentallyInLove
Alphabet Song,The Just Dance Kids,Just Dance Kids,Infantil,Inglés,2,1,kidsabc_pc.ipk,123,KIDSABC
Crocodile Rock,Nelly Furtado & Elton John,Just Dance Kids,Infantil,Inglés,1,1,kidscrocodile_pc.ipk,123,KIDSCrocodile
Day-O (The Banana Boat Song),The Just Dance Kids,Just Dance Kids,Infantil,Inglés,2,1,kidsdayo_pc.ipk,123,KIDSDayO
Five Little Monkeys,The Just Dance Kids,Just Dance Kids,Infantil,Inglés,2,1,kidsfivelittlemonkeys_pc.ipk,123,KIDSFiveLittleMonkeys
Fraggle Rock Theme,The Just Dance Kids,Just Dance Kids,Infantil,Inglés,2,1,kidsfragglerock_pc.ipk,123,KIDSFraggleRock
Hickory Dickory Dock,Tom Zehnder,Just Dance Kids,Infantil,Inglés,1,1,kidshickorydickorydock_pc.ipk,123,KIDSHickoryDickoryDock
I Like to Move It,The Just Dance Kids,Just Dance Kids,Infantil,Inglés,1,1,kidsiliketomoveit_pc.ipk,123,KIDSILikeToMoveIt
I've Been Working On The Railroad,The Just Dance Kids,Just Dance Kids,Infantil,Inglés,2,1,kidsworkingontherailroad_pc.ipk,123,KIDSWorkingOnTheRailroad
If You're Happy And You Know It,The Just Dance Kids,Just Dance Kids,Infantil,Inglés,2,1,kidsifyourehappy_pc.ipk,123,KIDSIfYoureHappy
Jingle Bells,The Just Dance Kids,Just Dance Kids,Infantil,Inglés,2,1,kidsjinglebells_pc.ipk,123,KIDSJingleBells
Magic Carpet Ride,KSM,Just Dance Kids,Infantil,Inglés,1,1,kidsmagiccarpet_pc.ipk,123,KIDSMagicCarpet
Mary Had a Little Lamb,Tom Zehnder,Just Dance Kids,Infantil,Inglés,2,1,kidsmaryhadalittlelamb_pc.ipk,123,KIDSMaryHadALittleLamb
Problem (The Monster Remix),Gigi Abraham and Color Theory,Just Dance Kids,Infantil,Inglés,1,2,kidsproblem_pc.ipk,123,KIDSProblem
The Lion Sleeps Tonight (Wimoweh),The Just Dance Kids,Just Dance Kids,Infantil,Inglés,1,1,kidsthelionsleepstonight_pc.ipk,123,KIDSTheLionSleepsTonight
We Go Well Together,Goldheart,Just Dance Kids,Infantil,Inglés,2,1,kidswegowelltogether_pc.ipk,123,KIDSWeGoWellTogether
Wheels On The Bus,The Just Dance Kids,Just Dance Kids,Infantil,Inglés,2,1,kidswheelsonthebus_pc.ipk,123,KIDSWheelsOnTheBus
Joyful,Megumi Tatsumi (達見恵),Just Dance Wii 2 (Japón),J-Pop,Japonés,2,1,joyful_pc.ipk,3112,Joyful
We Can Fly,Happiness,Just Dance Wii 2 (Japón),J-Pop,Japonés,2,1,wecanfly_pc.ipk,3112,WeCanFly
Follow Me,E-Girls,Just Dance Wii U (Japón),J-Pop,Japonés,3,1,followme_pc.ipk,4118,FollowMe
Koi Suru Fortune Cookie (恋するフォーチュンクッキー),AKB48,Just Dance Wii U (Japón),J-Pop,Japonés,1,2,fortunecookie_pc.ipk,4118,FortuneCookie
Calling All the Monsters,Disney's A.N.T. Farm,Just Dance: Disney Party,Banda Sonora / Disney,Inglés,1,1,disneycallingall_pc.ipk,1928,DISNEYCallingAll
En Mi Mundo,Disney's Violetta,Just Dance: Disney Party 2,Banda Sonora / Disney,Español,1,1,disneyenmimundo_pc.ipk,1929,DISNEYEnMiMundo
Don't Stop 'Til You Get Enough,Michael Jackson,Michael Jackson: The Experience,R&B / Soul,Inglés,1,2,mjdontstop_pc.ipk,2009,MJDontStop
Earth Song,Michael Jackson,Michael Jackson: The Experience,R&B / Soul,Inglés,1,1,mjearthsong_pc.ipk,2009,MJEarthSong
